GeneID;logFC.x;adj.P.Val.x;logFC.y;adj.P.Val.y;Diff;pattern;ExpressionChange;;;;
ENSGALG00000038520;2,325611795;1,67E-76;0,400765671;0,009719231;1,924846125;F;Up in Female;;;;
ENSGALG00000008285;1,923674328;4,31E-38;-0,339800691;0,085777241;2,263475019;F;Up in Female;;;;
ENSGALG00000043287;0,729848979;0,010851552;1,984031084;2,52E-18;-1,254182105;M;Up in Male;;;;
ENSGALG00000050996;1,750870845;0,040672997;2,489249655;0,045240922;-0,73837881;M;Up in Male;;;;
ENSGALG00000009596;1,644938107;2,14E-12;1,113526621;9,62E-06;0,531411486;Both;Both;;;;
ENSGALG00000053128;2,31938282;1,98E-05;1,158266075;0,058338387;1,161116746;F;Up in Female;;;;
ENSGALG00000049477;2,543831674;6,97E-06;0,952677032;0,160521121;1,591154641;F;Up in Female;;;;
ENSGALG00000010018;3,839775214;1,23E-18;4,848456391;1,61E-83;-1,008681177;M;Up in Male;;;;
ENSGALG00000010311;0,01919648;0,978217233;1,965044089;2,49E-07;-1,94584761;M;Up in Male;;;;
ENSGALG00000010940;0,853509266;2,29E-08;1,702792962;7,45E-34;-0,849283695;M;Up in Male;;;;
ENSGALG00000047529;0,642932606;0,127914855;1,583968843;5,95E-06;-0,941036236;M;Up in Male;;;;
ENSGALG00000011414;0,577540849;0,005788663;1,856903864;1,97E-27;-1,279363015;M;Up in Male;;;;
ENSGALG00000011717;1,519967738;0,001782634;0,598341864;0,301621109;0,921625874;F;Up in Female;;;;
ENSGALG00000029583;0,841922007;1,36E-10;2,943178631;7,96E-142;-2,101256625;M;Up in Male;;;;
ENSGALG00000012812;1,088976637;1,25E-05;3,228940075;1,09E-52;-2,139963438;M;Up in Male;;;;
ENSGALG00000012911;-0,199949711;0,831381576;1,552224003;0,015486772;-1,752173714;M;Up in Male;;;;
ENSGALG00000031293;3,749737974;6,39E-13;5,060504268;6,15E-29;-1,310766294;M;Up in Male;;;;
ENSGALG00000052391;1,876492057;0,010285118;1,669688599;0,012102393;0,206803458;Both;Both;;;;
ENSGALG00000019261;0,86082021;0,000407836;1,64823184;4,26E-14;-0,78741163;M;Up in Male;;;;
ENSGALG00000013911;1,05385984;5,62E-15;2,110490405;8,43E-62;-1,056630566;M;Up in Male;;;;
ENSGALG00000048026;3,463374394;0,001152509;3,713730885;0,008428413;-0,25035649;Both;Both;;;;
ENSGALG00000014428;1,66621091;2,88E-05;0,857227096;0,055746171;0,808983814;F;Up in Female;;;;
ENSGALG00000028638;1,367015209;0,075500411;1,543817958;0,032957424;-0,176802749;Both;Both;;;;
ENSGALG00000048620;2,886368388;0,000361937;2,667848223;0,000970367;0,218520165;Both;Both;;;;
ENSGALG00000044449;3,144337936;9,59E-06;-0,316912529;0,793722187;3,461250464;F;Up in Female;;;;
ENSGALG00000050866;1,29537562;1,64E-09;3,595801199;3,89E-73;-2,300425579;M;Up in Male;;;;
ENSGALG00000028290;0,467537508;0,013223347;2,011881773;9,61E-38;-1,544344265;M;Up in Male;;;;
ENSGALG00000048861;2,183366866;0,024079532;1,68375241;0,102963414;0,499614456;Both;Both;;;;
ENSGALG00000054987;-0,078574016;0,958704571;2,92840109;7,16E-05;-3,006975106;M;Up in Male;;;;
ENSGALG00000054080;3,163003439;2,27E-06;-0,036997879;0,979511041;3,200001318;F;Up in Female;;;;
ENSGALG00000053984;2,414676867;0,039403904;-0,130803069;NA;2,545479936;F;Up in Female;;;;
ENSGALG00000016558;1,634716871;1,55E-10;-0,034609458;0,942993683;1,669326329;F;Up in Female;;;;
ENSGALG00000052492;2,254022606;0,001103687;2,272580205;0,000367399;-0,018557598;Both;Both;;;;
ENSGALG00000049697;2,601924536;8,26E-05;-0,257731051;0,820972815;2,859655587;F;Up in Female;;;;
ENSGALG00000052885;2,415232718;0,032684906;-0,116453275;NA;2,531685993;F;Up in Female;;;;
ENSGALG00000039826;0,167437833;0,744916708;3,112271848;5,68E-27;-2,944834015;M;Up in Male;;;;
ENSGALG00000050027;2,265161943;0,019858892;2,457152839;0,002354089;-0,191990896;Both;Both;;;;
ENSGALG00000016809;0,438725091;0,229142424;1,742887812;4,03E-10;-1,304162722;M;Up in Male;;;;
ENSGALG00000049342;8,027762919;0,000107022;2,667059368;NA;5,360703551;F;Up in Female;;;;
ENSGALG00000016852;4,784554197;2,54E-49;-0,43108199;0,459600363;5,215636187;F;Up in Female;;;;
ENSGALG00000045327;1,898872247;0,000117669;1,412670139;0,003338013;0,486202108;Both;Both;;;;
ENSGALG00000017052;2,052570741;0,000265432;3,183232304;2,03E-10;-1,130661563;M;Up in Male;;;;
ENSGALG00000054231;0,476720742;0,749234288;2,341278593;0,045341703;-1,864557851;M;Up in Male;;;;
ENSGALG00000026781;1,959319202;3,54E-08;0,851113455;0,049927607;1,108205747;F;Up in Female;;;;
ENSGALG00000017168;3,12323538;2,41E-13;3,066887055;1,22E-09;0,056348325;Both;Both;;;;
ENSGALG00000017191;2,382866095;0,000200633;1,673778848;0,008202005;0,709087247;F;Up in Female;;;;
ENSGALG00000017237;6,382291406;1,16E-21;0,474147039;0,802417615;5,908144367;F;Up in Female;;;;
ENSGALG00000049424;1,758589233;2,62E-36;-0,273372203;0,137468188;2,031961436;F;Up in Female;;;;
ENSGALG00000044739;1,432902917;0,073681756;3,327158358;9,55E-20;-1,894255441;M;Up in Male;;;;
ENSGALG00000047152;4,008346024;1,57E-12;3,712898628;6,75E-11;0,295447396;Both;Both;;;;
ENSGALG00000052767;3,677952449;3,97E-29;3,546926045;3,09E-27;0,131026405;Both;Both;;;;
ENSGALG00000028273;3,510988521;6,52E-53;4,148245566;1,85E-74;-0,637257045;M;Up in Male;;;;
ENSGALG00000017343;3,033351853;3,64E-07;2,943076843;2,54E-07;0,09027501;Both;Both;;;;
ENSGALG00000005297;3,568316241;7,58E-34;1,798981584;3,01E-09;1,769334657;F;Up in Female;;;;
ENSGALG00000054309;3,13703818;0,000439192;-0,225635211;0,872450125;3,362673391;F;Up in Female;;;;
ENSGALG00000052184;0,991603297;2,24E-14;1,561747712;1,14E-36;-0,570144415;Both;Both;;;;
ENSGALG00000030054;0,630795458;0,076827862;1,501334898;8,58E-07;-0,870539441;M;Up in Male;;;;
ENSGALG00000053524;-0,737220838;0,661011241;2,490063525;0,013011031;-3,227284362;M;Up in Male;;;;
ENSGALG00000007082;1,584494241;6,48E-22;0,43394863;0,030346507;1,150545611;F;Up in Female;;;;
ENSGALG00000007426;1,653768826;0,002377679;1,757349873;0,000273184;-0,103581047;Both;Both;;;;
ENSGALG00000035761;1,319328617;2,67E-10;2,793260279;1,83E-50;-1,473931662;M;Up in Male;;;;
ENSGALG00000010259;1,110065135;0,084203497;2,734227942;4,58E-08;-1,624162807;M;Up in Male;;;;
ENSGALG00000054972;0,177301517;0,89112767;2,232688047;0,001855863;-2,05538653;M;Up in Male;;;;
ENSGALG00000035854;1,90869738;0,000201234;1,365801883;0,005178582;0,542895497;Both;Both;;;;
ENSGALG00000029235;1,950369334;8,43E-35;1,121004023;2,46E-11;0,829365311;F;Up in Female;;;;
ENSGALG00000052910;1,485661926;0,059353694;2,410883533;0,002283366;-0,925221606;M;Up in Male;;;;
ENSGALG00000030322;1,530839654;0,012124042;1,225279911;0,065811025;0,305559743;Both;Both;;;;
ENSGALG00000053151;2,25207588;0,002919244;1,995637503;0,008955893;0,256438377;Both;Both;;;;
ENSGALG00000043415;2,088924582;0,002110147;0,778017357;0,32513914;1,310907225;F;Up in Female;;;;
ENSGALG00000041491;2,31354824;5,38E-11;3,672515448;8,16E-36;-1,358967208;M;Up in Male;;;;
ENSGALG00000048096;2,482548021;0,006266631;-0,473586471;0,745417126;2,956134492;F;Up in Female;;;;
ENSGALG00000041820;-1,530362383;0,23649998;2,741405422;0,001498579;-4,271767804;M;Up in Male;;;;
ENSGALG00000032958;0,083897829;0,918114347;2,793425851;4,35E-10;-2,709528022;M;Up in Male;;;;
ENSGALG00000048100;2,76282659;0,009059247;1,610219766;0,138462728;1,152606823;F;Up in Female;;;;
ENSGALG00000034591;0,5787312;0,014664229;1,528739512;1,17E-13;-0,950008312;M;Up in Male;;;;
ENSGALG00000048035;0,692599506;0,018545831;2,869624512;1,78E-35;-2,177025006;M;Up in Male;;;;
ENSGALG00000043041;1,904910568;0,045639555;1,425313566;0,120876498;0,479597002;Both;Both;;;;
ENSGALG00000047910;1,33910274;4,45E-09;1,778229776;6,04E-16;-0,439127037;Both;Both;;;;
ENSGALG00000025681;1,549842422;0,026311934;1,561776724;0,020459599;-0,011934302;Both;Both;;;;
ENSGALG00000049962;2,883504843;0,04295302;1,699153876;NA;1,184350968;F;Up in Female;;;;
ENSGALG00000051176;1,791353757;0,063912269;1,994311783;0,015903661;-0,202958026;Both;Both;;;;
ENSGALG00000013155;0,108345561;0,553629255;1,709183766;9,23E-46;-1,600838205;M;Up in Male;;;;
ENSGALG00000015128;2,749976288;1,98E-16;-0,131099606;0,799663856;2,881075894;F;Up in Female;;;;
ENSGALG00000015269;4,453290447;6,06E-06;1,740245869;0,080848062;2,713044578;F;Up in Female;;;;
ENSGALG00000050006;2,213670909;0,007019173;0,283503219;0,831676735;1,93016769;F;Up in Female;;;;
ENSGALG00000041327;2,817884919;3,40E-19;0,560649739;0,186885124;2,25723518;F;Up in Female;;;;
ENSGALG00000033700;3,331741152;4,61E-15;0,565855224;0,343374813;2,765885928;F;Up in Female;;;;
ENSGALG00000033638;1,380760431;0,00317123;2,4536049;6,19E-11;-1,072844469;M;Up in Male;;;;
ENSGALG00000050232;1,033406167;0,136625218;1,640479475;0,014048331;-0,607073308;M;Up in Male;;;;
ENSGALG00000053771;1,88524481;0,000936381;-0,063097501;0,952208487;1,948342311;F;Up in Female;;;;
ENSGALG00000018291;1,24894719;0,22418818;1,907243315;0,049957289;-0,658296125;M;Up in Male;;;;
ENSGALG00000047969;1,796281144;1,64E-08;0,664010471;0,112186608;1,132270672;F;Up in Female;;;;
ENSGALG00000016154;1,689165986;0,006157466;-0,526523971;0,535560162;2,215689957;F;Up in Female;;;;
ENSGALG00000009100;4,322454244;9,49E-125;1,26113549;5,17E-09;3,061318754;F;Up in Female;;;;
ENSGALG00000032863;2,87786723;1,57E-18;1,880780699;5,00E-08;0,997086531;F;Up in Female;;;;
ENSGALG00000009095;2,224285026;7,03E-24;1,590697597;2,77E-12;0,633587429;F;Up in Female;;;;
ENSGALG00000026747;1,937782107;1,69E-08;0,975996198;0,0152531;0,961785909;F;Up in Female;;;;
ENSGALG00000009042;0,573655677;0,053704549;2,246325264;6,78E-28;-1,672669587;M;Up in Male;;;;
ENSGALG00000008996;1,500544845;0,006292136;-0,392750342;0,620593296;1,893295187;F;Up in Female;;;;
ENSGALG00000023601;4,268559341;1,28E-11;-1,042495974;0,309093979;5,311055315;F;Up in Female;;;;
ENSGALG00000049310;2,324079777;0,017093363;0,476862502;0,698586684;1,847217274;F;Up in Female;;;;
ENSGALG00000008827;1,695368732;1,24E-24;1,433394083;1,19E-17;0,261974649;Both;Both;;;;
ENSGALG00000045729;3,044017279;3,82E-10;0,327477439;0,684100837;2,71653984;F;Up in Female;;;;
ENSGALG00000009877;1,129497205;0,042089464;1,607662325;0,001725689;-0,47816512;Both;Both;;;;
ENSGALG00000010169;-0,7854233;0,164325494;1,62433657;0,000139518;-2,40975987;M;Up in Male;;;;
ENSGALG00000010303;2,039337308;1,37E-12;2,929746049;3,55E-27;-0,890408741;M;Up in Male;;;;
ENSGALG00000043831;0,526756679;0,019917855;2,163830489;1,42E-31;-1,63707381;M;Up in Male;;;;
ENSGALG00000010741;1,888891428;2,42E-27;2,710160827;1,50E-57;-0,821269399;M;Up in Male;;;;
ENSGALG00000010762;2,145062247;9,00E-10;1,60422248;4,77E-06;0,540839767;Both;Both;;;;
ENSGALG00000039772;2,332551886;7,57E-23;1,435037587;1,54E-09;0,897514299;F;Up in Female;;;;
ENSGALG00000031427;1,791892097;1,63E-12;3,01543676;5,53E-42;-1,223544663;M;Up in Male;;;;
ENSGALG00000014463;0,684238908;0,166062168;1,984631709;6,94E-07;-1,300392802;M;Up in Male;;;;
ENSGALG00000011111;-0,169276654;0,711629684;1,661986;4,98E-09;-1,831262654;M;Up in Male;;;;
ENSGALG00000012392;3,054432859;2,67E-10;0,413793073;0,56686245;2,640639785;F;Up in Female;;;;
ENSGALG00000047280;-0,266975641;0,729970813;2,174774719;8,45E-07;-2,441750361;M;Up in Male;;;;
ENSGALG00000013869;2,15235927;1,53E-33;2,281133125;1,10E-39;-0,128773855;Both;Both;;;;
ENSGALG00000015068;3,665459991;0,003604767;1,852110781;NA;1,81334921;F;Up in Female;;;;
ENSGALG00000053330;1,068963178;0,04109097;3,62111904;1,67E-17;-2,552155862;M;Up in Male;;;;
ENSGALG00000053311;0,405690515;0,677782147;3,707991454;3,32E-10;-3,302300939;M;Up in Male;;;;
ENSGALG00000039001;1,889084403;4,58E-46;0,986063466;1,67E-12;0,903020937;F;Up in Female;;;;
ENSGALG00000051001;1,551803444;4,95E-09;0,810884745;0,005272848;0,740918698;F;Up in Female;;;;
ENSGALG00000016292;-0,182934711;0,86350306;2,021154588;0,001416408;-2,2040893;M;Up in Male;;;;
ENSGALG00000051085;0,882510607;0,096082794;2,110754607;2,17E-06;-1,228244;M;Up in Male;;;;
ENSGALG00000016328;1,04603943;1,06E-07;1,739536133;6,73E-21;-0,693496704;M;Up in Male;;;;
ENSGALG00000016342;2,252079016;0,000165243;1,524309423;0,006371117;0,727769593;F;Up in Female;;;;
ENSGALG00000016455;2,327071035;5,12E-16;-1,361728879;9,53E-06;3,688799915;F;Up in Female;;;;
ENSGALG00000016475;2,552367086;3,86E-25;0,068627624;0,880176553;2,483739462;F;Up in Female;;;;
ENSGALG00000016609;2,195731106;5,20E-57;0,737558863;1,08E-06;1,458172244;F;Up in Female;;;;
ENSGALG00000016651;1,798413722;2,89E-20;-0,04267615;0,89996523;1,841089873;F;Up in Female;;;;
ENSGALG00000019847;6,2646095;1,59E-21;0,618577587;0,541902982;5,646031913;F;Up in Female;;;;
ENSGALG00000030879;2,26123399;1,19E-81;0,716275551;3,32E-08;1,544958438;F;Up in Female;;;;
ENSGALG00000049537;1,682673452;0,048467341;1,068750301;0,256133518;0,613923152;F;Up in Female;;;;
ENSGALG00000007160;1,616803559;3,54E-11;0,771324385;0,003565888;0,845479175;F;Up in Female;;;;
ENSGALG00000007282;0,871138836;0,031160086;1,942130832;1,39E-08;-1,070991996;M;Up in Male;;;;
ENSGALG00000007806;2,233159476;2,64E-12;0,808294661;0,066469769;1,424864815;F;Up in Female;;;;
ENSGALG00000008326;0,742554379;0,023376222;2,051119461;1,06E-15;-1,308565082;M;Up in Male;;;;
ENSGALG00000008593;1,696622284;4,01E-06;1,073261512;0,006305732;0,623360772;F;Up in Female;;;;
ENSGALG00000009063;2,055771497;4,05E-10;-0,032067508;0,95591969;2,087839004;F;Up in Female;;;;
ENSGALG00000042099;5,885128322;0,003828411;3,394417585;NA;2,490710738;F;Up in Female;;;;
ENSGALG00000009405;2,101965829;2,16E-22;1,187614476;1,64E-07;0,914351353;F;Up in Female;;;;
ENSGALG00000049032;3,383671718;0,01355489;1,696170931;0,209191689;1,687500787;F;Up in Female;;;;
ENSGALG00000050108;1,807889093;0,003054143;3,021230765;1,57E-09;-1,213341673;M;Up in Male;;;;
ENSGALG00000052161;4,264364041;0,010655568;2,293252731;NA;1,97111131;F;Up in Female;;;;
ENSGALG00000010268;1,71322172;8,14E-12;1,165760784;1,28E-05;0,547460936;Both;Both;;;;
ENSGALG00000028608;1,797534634;7,63E-09;1,78040208;1,71E-08;0,017132554;Both;Both;;;;
ENSGALG00000020193;1,996684657;0,026222834;1,361518385;0,166639994;0,635166272;F;Up in Female;;;;
ENSGALG00000011190;1,930493143;9,48E-16;2,768534556;1,14E-32;-0,838041413;M;Up in Male;;;;
ENSGALG00000011203;1,564459458;4,63E-09;0,345852808;0,31980474;1,21860665;F;Up in Female;;;;
ENSGALG00000052026;1,800607075;2,58E-05;0,184396886;0,790776417;1,616210189;F;Up in Female;;;;
ENSGALG00000023172;1,705004722;2,52E-18;0,832019499;0,000102458;0,872985223;F;Up in Female;;;;
ENSGALG00000011664;1,529468939;7,07E-05;0,468180485;0,313917024;1,061288454;F;Up in Female;;;;
ENSGALG00000011991;2,607578371;0,000723874;3,845675077;1,28E-07;-1,238096706;M;Up in Male;;;;
ENSGALG00000013414;2,662384709;1,21E-21;0,701914414;0,040648066;1,960470295;F;Up in Female;;;;
ENSGALG00000013606;1,710858525;9,08E-11;0,363654126;0,317852104;1,347204398;F;Up in Female;;;;
ENSGALG00000014124;-0,080981183;0,881143055;2,045540227;3,11E-11;-2,12652141;M;Up in Male;;;;
ENSGALG00000014144;-0,380663567;0,262632933;1,786675089;5,01E-14;-2,167338656;M;Up in Male;;;;
ENSGALG00000014202;-1,132410261;0,292634825;2,09411886;1,41E-05;-3,226529121;M;Up in Male;;;;
ENSGALG00000030801;3,232280846;4,06E-06;2,50195362;0,000327294;0,730327226;F;Up in Female;;;;
ENSGALG00000018557;2,17223871;9,20E-16;0,499344606;0,165704645;1,672894105;F;Up in Female;;;;
ENSGALG00000047196;0,823580082;0,162352923;4,122282424;3,91E-26;-3,298702342;M;Up in Male;;;;
ENSGALG00000015599;3,138484373;0,000379878;2,219067251;0,021502662;0,919417123;F;Up in Female;;;;
ENSGALG00000038433;3,855019856;1,29E-19;1,45407548;0,011347719;2,400944376;F;Up in Female;;;;
ENSGALG00000015722;1,192630512;1,21E-08;1,602152778;1,77E-15;-0,409522266;Both;Both;;;;
ENSGALG00000040805;2,099491853;1,69E-08;1,644087319;2,28E-05;0,455404534;Both;Both;;;;
ENSGALG00000027090;2,359357699;4,26E-42;1,33449397;1,52E-13;1,024863728;F;Up in Female;;;;
ENSGALG00000016102;1,197581824;1,08E-13;1,872625584;8,48E-34;-0,67504376;M;Up in Male;;;;
ENSGALG00000050161;1,550863829;0,074466101;4,356755871;4,14E-108;-2,805892042;M;Up in Male;;;;
ENSGALG00000046192;3,14728863;2,09E-05;2,772467944;3,99E-05;0,374820687;Both;Both;;;;
ENSGALG00000001900;0,923435529;0,001353881;1,551199955;3,45E-09;-0,627764426;M;Up in Male;;;;
ENSGALG00000003295;-0,957778778;0,066339313;2,274878689;1,34E-07;-3,232657467;M;Up in Male;;;;
ENSGALG00000026625;1,7237904;0,009899084;2,8512559;4,16E-08;-1,1274655;M;Up in Male;;;;
ENSGALG00000003446;2,142809644;3,79E-12;3,067950474;8,86E-28;-0,925140829;M;Up in Male;;;;
ENSGALG00000013372;2,553899003;0,008072927;-0,434004509;0,755324956;2,987903512;F;Up in Female;;;;
ENSGALG00000014855;-0,389483615;0,07258182;1,59292663;1,06E-20;-1,982410245;M;Up in Male;;;;
ENSGALG00000014861;0,767084963;0,18021156;1,938043066;4,82E-06;-1,170958103;M;Up in Male;;;;
ENSGALG00000014880;1,716176355;3,59E-15;0,121252262;0,716689132;1,594924093;F;Up in Female;;;;
ENSGALG00000014908;1,502096723;7,65E-19;0,075962181;0,779129299;1,426134542;F;Up in Female;;;;
ENSGALG00000047298;2,357720117;0,000257665;2,356335947;9,15E-09;0,001384169;Both;Both;;;;
ENSGALG00000010166;2,360259321;4,91E-75;2,030598163;1,62E-55;0,329661158;Both;Both;;;;
ENSGALG00000010187;0,048833641;0,928629376;2,083233849;9,32E-13;-2,034400209;M;Up in Male;;;;
ENSGALG00000051843;1,938131185;0,009471628;1,912480049;0,011873847;0,025651136;Both;Both;;;;
ENSGALG00000015115;-0,220676025;0,612901002;1,72565656;1,14E-13;-1,946332585;M;Up in Male;;;;
ENSGALG00000047822;1,395836877;0,025829566;1,956864993;2,02E-05;-0,561028117;Both;Both;;;;
ENSGALG00000021163;0,837510461;0,000221621;1,895948597;1,36E-21;-1,058438136;M;Up in Male;;;;
ENSGALG00000000184;3,644590459;2,36E-46;0,145863675;0,730053045;3,498726784;F;Up in Female;;;;
ENSGALG00000044797;0,260777791;0,447272763;1,552679522;3,97E-11;-1,29190173;M;Up in Male;;;;
ENSGALG00000015382;1,783780136;0,002330536;0,621404023;0,369287196;1,162376113;F;Up in Female;;;;
ENSGALG00000049045;0,127265253;0,945167965;2,78968787;0,000554596;-2,662422617;M;Up in Male;;;;
ENSGALG00000014699;-0,569907322;0,175508406;3,139460114;3,52E-24;-3,709367437;M;Up in Male;;;;
ENSGALG00000044243;1,010371287;0,2722955;3,19373132;3,78E-06;-2,183360033;M;Up in Male;;;;
ENSGALG00000046534;0,897035801;0,303974928;2,054716249;0,001619265;-1,157680447;M;Up in Male;;;;
ENSGALG00000054800;0,517902454;0,489566654;2,729583637;1,58E-09;-2,211681183;M;Up in Male;;;;
ENSGALG00000050492;3,485747618;4,05E-08;4,357836052;9,04E-19;-0,872088434;M;Up in Male;;;;
ENSGALG00000015544;0,769121202;0,076588511;1,528022246;7,93E-05;-0,758901044;M;Up in Male;;;;
ENSGALG00000015704;1,876695726;2,56E-23;1,125831444;1,14E-08;0,750864283;F;Up in Female;;;;
ENSGALG00000046880;1,993788583;0,06637606;2,38921812;0,007979062;-0,395429537;Both;Both;;;;
ENSGALG00000053322;0,639489987;0,521833184;2,66023995;8,57E-06;-2,020749962;M;Up in Male;;;;
ENSGALG00000053643;1,289570579;0,020284304;2,657533073;4,84E-11;-1,367962495;M;Up in Male;;;;
ENSGALG00000050279;0,977875754;0,1559645;2,881883756;1,50E-10;-1,904008002;M;Up in Male;;;;
ENSGALG00000053419;2,010526699;2,94E-15;2,542806659;1,57E-33;-0,53227996;Both;Both;;;;
ENSGALG00000045740;2,191045761;1,49E-32;3,486098542;2,15E-100;-1,29505278;M;Up in Male;;;;
ENSGALG00000048964;2,386784098;0,032735576;0,097906781;NA;2,288877317;F;Up in Female;;;;
ENSGALG00000050672;2,582945417;0,033741411;1,659455041;NA;0,923490377;F;Up in Female;;;;
ENSGALG00000039334;1,809469552;6,89E-08;1,07331005;0,00285334;0,736159502;F;Up in Female;;;;
ENSGALG00000004280;2,098200575;0,000228293;-0,705265763;0,350777999;2,803466338;F;Up in Female;;;;
ENSGALG00000004044;1,569949062;0,012145788;0,027445543;0,979206874;1,542503518;F;Up in Female;;;;
ENSGALG00000051300;1,862598754;0,004046062;2,707025152;1,18E-05;-0,844426397;M;Up in Male;;;;
ENSGALG00000054067;1,652278179;3,20E-06;0,549904903;0,192286813;1,102373276;F;Up in Female;;;;
ENSGALG00000054203;2,399609401;0,000241916;1,965470045;0,003201333;0,434139357;Both;Both;;;;
ENSGALG00000006300;2,107188324;2,46E-29;2,104882001;2,58E-29;0,002306323;Both;Both;;;;
ENSGALG00000006572;1,792245042;4,77E-09;0,446942156;0,254795204;1,345302886;F;Up in Female;;;;
ENSGALG00000041808;1,429194079;1,67E-13;2,145145877;3,86E-31;-0,715951798;M;Up in Male;;;;
ENSGALG00000049105;1,547259624;0,033117118;2,475538384;6,61E-05;-0,92827876;M;Up in Male;;;;
ENSGALG00000035916;1,062926939;5,78E-05;2,478277026;1,93E-27;-1,415350088;M;Up in Male;;;;
ENSGALG00000050964;0,060130117;0,924743398;2,002645141;1,44E-12;-1,942515024;M;Up in Male;;;;
ENSGALG00000053829;2,329776452;0,016333198;1,093476199;0,341323766;1,236300253;F;Up in Female;;;;
ENSGALG00000008080;1,873242225;1,37E-15;0,692751727;0,011140738;1,180490498;F;Up in Female;;;;
ENSGALG00000051142;1,50768527;0,029393604;0,643636062;0,456807531;0,864049207;F;Up in Female;;;;
ENSGALG00000020458;1,232735226;0,429929397;3,580466854;0,000574995;-2,347731627;M;Up in Male;;;;
ENSGALG00000043591;1,388703316;0,002381593;2,866642074;3,89E-15;-1,477938758;M;Up in Male;;;;
ENSGALG00000009452;2,894092768;3,78E-33;0,768127972;0,007885081;2,125964796;F;Up in Female;;;;
ENSGALG00000049391;2,152245878;0,010255752;0,624023616;0,510859266;1,528222262;F;Up in Female;;;;
ENSGALG00000050170;0,763593792;0,533414714;2,221710469;0,024644827;-1,458116677;M;Up in Male;;;;
ENSGALG00000046774;1,832292048;2,05E-06;3,665137768;3,37E-25;-1,83284572;M;Up in Male;;;;
ENSGALG00000010233;0,528362877;0,000600184;1,942490003;2,21E-52;-1,414127127;M;Up in Male;;;;
ENSGALG00000052892;1,248577333;1,07E-07;1,55096667;1,13E-13;-0,302389337;Both;Both;;;;
ENSGALG00000053434;1,733349896;8,14E-26;1,038481006;1,64E-09;0,69486889;F;Up in Female;;;;
ENSGALG00000012295;1,899691563;1,25E-39;0,438759767;0,012636252;1,460931797;F;Up in Female;;;;
ENSGALG00000047585;1,532098092;7,61E-06;1,044150365;0,004277524;0,487947727;Both;Both;;;;
ENSGALG00000048411;0,467752334;0,648435668;1,628835932;0,039035636;-1,161083599;M;Up in Male;;;;
ENSGALG00000051684;2,069338714;0,014684617;0,669751494;0,510556237;1,399587221;F;Up in Female;;;;
ENSGALG00000051596;1,996842585;2,99E-05;0,797081736;0,158374172;1,199760849;F;Up in Female;;;;
ENSGALG00000007841;1,863990257;3,32E-12;0,558346019;0,092578929;1,305644238;F;Up in Female;;;;
ENSGALG00000008152;1,77842716;3,65E-40;0,69408954;2,22E-06;1,08433762;F;Up in Female;;;;
ENSGALG00000025418;2,032640848;0,001073672;0,967156118;0,15205159;1,06548473;F;Up in Female;;;;
ENSGALG00000048202;3,105909005;2,08E-05;0,018887648;0,986655602;3,087021358;F;Up in Female;;;;
ENSGALG00000030703;0,492964725;0,011672559;1,792145483;1,30E-30;-1,299180758;M;Up in Male;;;;
ENSGALG00000020703;2,228869895;1,19E-21;3,755205628;8,82E-64;-1,526335733;M;Up in Male;;;;
ENSGALG00000054770;1,588469858;6,43E-14;3,102827754;5,69E-65;-1,514357896;M;Up in Male;;;;
ENSGALG00000011242;0,821441128;0,030134244;1,800427692;3,04E-08;-0,978986564;M;Up in Male;;;;
ENSGALG00000011349;-0,092446019;0,941299094;2,561673129;0,000595915;-2,654119148;M;Up in Male;;;;
ENSGALG00000011358;0,998173504;1,67E-05;1,71674834;1,51E-15;-0,718574836;M;Up in Male;;;;
ENSGALG00000028770;1,907587241;1,00E-25;2,095119855;4,70E-33;-0,187532615;Both;Both;;;;
ENSGALG00000011671;0,274042134;0,735531499;1,792096538;0,001083495;-1,518054405;M;Up in Male;;;;
ENSGALG00000026422;2,709501469;9,57E-22;-0,472310057;0,251316706;3,181811526;F;Up in Female;;;;
ENSGALG00000012421;-0,505344201;0,060743557;2,081252723;2,85E-27;-2,586596925;M;Up in Male;;;;
ENSGALG00000039727;1,167913763;7,48E-12;1,529114148;2,15E-21;-0,361200385;Both;Both;;;;
ENSGALG00000048039;1,826055441;0,037104158;2,410220511;0,000862969;-0,584165069;Both;Both;;;;
ENSGALG00000002289;2,271775773;2,73E-16;3,233272323;9,61E-39;-0,96149655;M;Up in Male;;;;
ENSGALG00000041103;2,109105853;1,53E-18;2,765029796;8,48E-34;-0,655923943;M;Up in Male;;;;
ENSGALG00000002507;1,887258161;0,034118219;0,537947636;0,645834185;1,349310525;F;Up in Female;;;;
ENSGALG00000036847;1,531932147;0,000345536;0,733810217;0,140694277;0,79812193;F;Up in Female;;;;
ENSGALG00000049572;3,818618082;7,06E-37;4,089685509;4,87E-37;-0,271067428;Both;Both;;;;
ENSGALG00000045557;1,8996752;4,03E-06;1,045689271;0,020255991;0,853985928;F;Up in Female;;;;
ENSGALG00000004553;1,710256607;1,74E-38;1,273282335;2,03E-21;0,436974272;Both;Both;;;;
ENSGALG00000048228;2,01218525;0,028310471;0,801168305;0,475136449;1,211016946;F;Up in Female;;;;
ENSGALG00000005086;-0,160065931;0,536031152;1,662245142;2,78E-23;-1,822311073;M;Up in Male;;;;
ENSGALG00000005422;1,69637588;1,28E-16;0,890508194;5,78E-05;0,805867685;F;Up in Female;;;;
ENSGALG00000054558;2,33153303;6,66E-18;1,840081533;6,02E-12;0,491451497;Both;Both;;;;
ENSGALG00000006989;1,908550726;5,55E-29;1,251656429;8,07E-13;0,656894297;F;Up in Female;;;;
ENSGALG00000021772;2,451663493;7,04E-27;2,881208949;3,11E-40;-0,429545457;Both;Both;;;;
ENSGALG00000008121;3,737674263;1,16E-53;3,533450665;3,80E-48;0,204223597;Both;Both;;;;
ENSGALG00000054302;-0,044408316;0,960607651;1,910438358;0,000106192;-1,954846674;M;Up in Male;;;;
ENSGALG00000054260;0,860412237;0,013527081;1,910389401;3,46E-10;-1,049977163;M;Up in Male;;;;
ENSGALG00000002207;1,811522988;2,84E-11;3,733807668;1,26E-50;-1,92228468;M;Up in Male;;;;
ENSGALG00000002287;2,77401635;3,21E-31;2,527528322;4,29E-27;0,246488027;Both;Both;;;;
ENSGALG00000047835;1,781949786;5,74E-06;1,846169631;6,64E-07;-0,064219845;Both;Both;;;;
ENSGALG00000051748;2,550911982;3,01E-33;2,324831401;9,81E-28;0,226080581;Both;Both;;;;
ENSGALG00000033535;1,068569064;3,68E-08;1,599918199;2,68E-18;-0,531349135;Both;Both;;;;
ENSGALG00000053577;2,125593489;0,012423048;1,762663696;0,017388997;0,362929792;Both;Both;;;;
ENSGALG00000004448;1,153452212;5,74E-09;1,504617751;1,32E-17;-0,351165539;Both;Both;;;;
ENSGALG00000049810;0,996972917;0,583194915;3,080569003;0,011979292;-2,083596086;M;Up in Male;;;;
ENSGALG00000006031;4,378221868;3,25E-10;1,228822787;0,205003713;3,149399082;F;Up in Female;;;;
ENSGALG00000053697;1,706256432;0,023232685;1,692359619;0,024525577;0,013896813;Both;Both;;;;
ENSGALG00000027655;1,864967449;1,05E-23;0,033510828;0,921722467;1,831456622;F;Up in Female;;;;
ENSGALG00000049910;3,189825006;0,001671668;1,420585877;0,258615579;1,769239128;F;Up in Female;;;;
ENSGALG00000048045;2,564626611;6,22E-07;0,813201879;0,185321908;1,751424732;F;Up in Female;;;;
ENSGALG00000010494;1,803230472;1,09E-09;0,32695628;0,404565141;1,476274192;F;Up in Female;;;;
ENSGALG00000036522;1,824872582;1,28E-12;0,963982449;0,0005423;0,860890133;F;Up in Female;;;;
ENSGALG00000011369;0,037596141;0,95696878;1,636478828;1,23E-06;-1,598882688;M;Up in Male;;;;
ENSGALG00000005550;1,768858246;2,98E-35;0,30809518;0,08941296;1,460763067;F;Up in Female;;;;
ENSGALG00000029282;2,985012782;4,00E-44;0,043458764;0,935412627;2,941554018;F;Up in Female;;;;
ENSGALG00000048624;2,28345734;4,07E-08;2,770963326;1,85E-14;-0,487505987;Both;Both;;;;
ENSGALG00000002974;1,000170531;0,007259195;1,748985884;1,00E-07;-0,748815353;M;Up in Male;;;;
ENSGALG00000050919;1,989991887;0,003694187;-1,372413631;0,108112118;3,362405518;F;Up in Female;;;;
ENSGALG00000007814;1,992805718;0,040425982;1,948844253;0,043422645;0,043961465;Both;Both;;;;
ENSGALG00000009355;-0,643456743;0,006309791;2,466592677;3,54E-39;-3,110049419;M;Up in Male;;;;
ENSGALG00000010331;2,33377001;1,01E-86;1,597351018;1,84E-40;0,736418992;F;Up in Female;;;;
ENSGALG00000010337;1,660178587;7,06E-29;1,59552325;5,32E-27;0,064655337;Both;Both;;;;
ENSGALG00000046823;1,505682563;4,07E-08;2,020043116;6,02E-15;-0,514360553;Both;Both;;;;
ENSGALG00000034982;1,700012527;3,62E-10;3,124109291;2,82E-34;-1,424096764;M;Up in Male;;;;
ENSGALG00000001559;2,063003176;1,91E-24;0,489493869;0,055493177;1,573509306;F;Up in Female;;;;
ENSGALG00000047464;-0,369107632;0,334103321;2,029696545;3,10E-17;-2,398804177;M;Up in Male;;;;
ENSGALG00000003456;2,531660223;0,000427132;-2,622220375;0,094216908;5,153880598;F;Down in Male;;;;
ENSGALG00000003644;0,427278457;0,186762483;2,284098371;2,23E-22;-1,856819915;M;Up in Male;;;;
ENSGALG00000033198;0,398773364;0,385802746;1,5183934;1,95E-05;-1,119620036;M;Up in Male;;;;
ENSGALG00000047289;2,947292231;1,38E-66;0,596646786;0,003604061;2,350645445;F;Up in Female;;;;
ENSGALG00000013294;12,12670092;6,97E-202;4,919421608;0,0070932;7,207279316;F;Up in Female;;;;
ENSGALG00000013293;4,385047719;2,84E-116;1,660768133;2,77E-12;2,724279586;F;Up in Female;;;;
ENSGALG00000023436;2,196524164;0,039385052;0,928504753;0,444605604;1,268019411;F;Up in Female;;;;
ENSGALG00000050941;1,615437786;0,00030479;0,688642047;0,215695972;0,926795738;F;Up in Female;;;;
ENSGALG00000048772;1,778475978;0,000103931;0,688390505;0,222950993;1,090085474;F;Up in Female;;;;
ENSGALG00000003203;1,429608549;0,000481149;1,550980092;0,000128474;-0,121371543;Both;Both;;;;
ENSGALG00000038192;0,070161663;0,962098742;1,982878557;0,014988257;-1,912716894;M;Up in Male;;;;
ENSGALG00000048867;1,59510355;1,72E-05;2,272139581;3,43E-10;-0,677036031;M;Up in Male;;;;
ENSGALG00000050202;3,121192245;6,28E-08;2,759910958;0,000239641;0,361281287;Both;Both;;;;
ENSGALG00000007927;2,39916736;3,12E-35;2,815179926;9,09E-53;-0,416012566;Both;Both;;;;
ENSGALG00000008267;2,185619887;1,84E-06;1,214101886;0,010428357;0,971518001;F;Up in Female;;;;
ENSGALG00000037596;1,705932336;0,042707285;1,508998069;0,097329929;0,196934267;Both;Both;;;;
ENSGALG00000030160;1,984547413;1,59E-13;0,023283484;0,963359596;1,961263929;F;Up in Female;;;;
ENSGALG00000041143;6,08581278;9,99E-156;0,909410952;0,024509842;5,176401828;F;Up in Female;;;;
ENSGALG00000037939;3,072769594;3,89E-72;0,25356949;0,290767631;2,819200104;F;Up in Female;;;;
ENSGALG00000044241;1,402192705;0,074892341;2,610304178;3,06E-09;-1,208111473;M;Up in Male;;;;
ENSGALG00000003560;0,673183645;0,010921342;3,706847293;4,05E-73;-3,033663648;M;Up in Male;;;;
ENSGALG00000049262;1,859537149;1,04E-07;-0,171039233;0,770301094;2,030576382;F;Up in Female;;;;
ENSGALG00000034649;0,730850509;1,75E-05;1,746566665;7,35E-32;-1,015716156;M;Up in Male;;;;
ENSGALG00000048060;1,921200139;0,024056987;2,995861498;2,60E-05;-1,07466136;M;Up in Male;;;;
ENSGALG00000039238;2,512427344;2,07E-47;1,717666963;3,37E-22;0,794760381;F;Up in Female;;;;
ENSGALG00000005140;0,955106481;0,001073672;2,338916478;5,00E-23;-1,383809998;M;Up in Male;;;;
ENSGALG00000052636;1,609372073;5,72E-22;0,474844907;0,01586059;1,134527166;F;Up in Female;;;;
ENSGALG00000005502;1,510220719;1,25E-06;2,344331961;1,55E-16;-0,834111242;M;Up in Male;;;;
ENSGALG00000054988;2,033651076;1,79E-22;1,063415435;2,38E-06;0,970235641;F;Up in Female;;;;
ENSGALG00000000893;1,808046032;0,038879858;0,90108596;0,352832392;0,906960072;F;Up in Female;;;;
ENSGALG00000033411;1,606780501;0,40877547;2,959680999;0,0070932;-1,352900498;M;Up in Male;;;;
ENSGALG00000007669;1,578446657;4,26E-27;2,014685693;1,13E-46;-0,436239035;Both;Both;;;;
ENSGALG00000007158;0,7121991;0,033637158;1,724146144;2,04E-09;-1,011947045;M;Up in Male;;;;
ENSGALG00000049356;2,114398859;0,002796905;1,566668471;0,027383183;0,547730388;Both;Both;;;;
ENSGALG00000031597;0,958252646;0,00036389;1,867173676;3,01E-14;-0,90892103;M;Up in Male;;;;
ENSGALG00000043234;0,704002818;0,016094806;1,754099138;7,07E-12;-1,05009632;M;Up in Male;;;;
ENSGALG00000028895;2,40728498;2,20E-12;0,597460311;0,180979574;1,809824668;F;Up in Female;;;;
ENSGALG00000002428;3,292196102;4,26E-14;2,830686228;9,02E-13;0,461509874;Both;Both;;;;
ENSGALG00000053930;1,217066156;0,225982789;2,279099743;0,014348148;-1,062033586;M;Up in Male;;;;
ENSGALG00000003537;0,782913786;0,021505237;2,347278987;3,03E-19;-1,564365201;M;Up in Male;;;;
ENSGALG00000048410;1,575443842;0,028621676;-0,423632466;0,671835861;1,999076308;F;Up in Female;;;;
ENSGALG00000003842;1,338208995;0,144038057;1,953890823;0,007353097;-0,615681827;M;Up in Male;;;;
ENSGALG00000049068;1,626105616;2,47E-05;2,198460071;6,69E-10;-0,572354455;Both;Both;;;;
ENSGALG00000055015;2,020271213;0,046213489;-0,667818588;NA;2,688089802;F;Up in Female;;;;
ENSGALG00000007796;0,059548126;0,963494035;2,35568046;0,001260738;-2,296132334;M;Up in Male;;;;
ENSGALG00000049803;0,338900412;0,654618791;1,931487405;6,69E-05;-1,592586993;M;Up in Male;;;;
ENSGALG00000052505;0,482579908;0,683828207;3,456670505;4,12E-06;-2,974090597;M;Up in Male;;;;
ENSGALG00000004582;0,695869686;0,042388531;2,246947425;1,77E-15;-1,55107774;M;Up in Male;;;;
ENSGALG00000005994;0,665916631;0,00035817;1,747204702;2,70E-26;-1,081288071;M;Up in Male;;;;
ENSGALG00000006872;2,073682731;1,21E-72;0,340044976;0,015412569;1,733637755;F;Up in Female;;;;
ENSGALG00000007116;2,815026186;2,25E-33;0,549997791;0,084417762;2,265028395;F;Up in Female;;;;
ENSGALG00000050542;1,925210277;0,022130831;0,59360508;0,559753144;1,331605196;F;Up in Female;;;;
ENSGALG00000023626;1,932630112;3,87E-20;-0,380382032;0,168521848;2,313012144;F;Up in Female;;;;
ENSGALG00000001244;1,15422708;0,002568811;2,457560621;2,70E-14;-1,303333541;M;Up in Male;;;;
ENSGALG00000037812;1,366135098;2,28E-16;2,006667591;6,51E-36;-0,640532492;M;Up in Male;;;;
ENSGALG00000001883;0,861146277;0,002968578;1,959823559;2,17E-16;-1,098677282;M;Up in Male;;;;
ENSGALG00000003011;2,530658112;1,37E-52;0,658521216;0,000923447;1,872136896;F;Up in Female;;;;
ENSGALG00000003590;1,515327616;8,48E-08;1,570482799;1,34E-08;-0,055155182;Both;Both;;;;
ENSGALG00000004386;-1,025388214;2,04E-05;2,434020447;4,10E-42;-3,459408661;M;Up in Male;;;;
ENSGALG00000045137;1,777716093;4,00E-09;0,975837304;0,002553226;0,801878789;F;Up in Female;;;;
ENSGALG00000027415;0,928281049;4,82E-07;1,552507873;1,47E-20;-0,624226824;M;Up in Male;;;;
ENSGALG00000008518;1,053848782;1,89E-05;1,676353659;1,22E-14;-0,622504878;M;Up in Male;;;;
ENSGALG00000029834;1,151762361;1,88E-13;1,506076928;4,35E-23;-0,354314566;Both;Both;;;;
ENSGALG00000035594;2,06129807;4,10E-21;2,368788029;2,61E-28;-0,307489958;Both;Both;;;;
ENSGALG00000053948;2,400347876;6,92E-07;1,667603802;0,001759424;0,732744075;F;Up in Female;;;;
ENSGALG00000001876;1,906245477;8,84E-31;0,795192904;1,65E-05;1,111052573;F;Up in Female;;;;
ENSGALG00000002186;0,780696782;0,497644094;2,014490126;0,028288145;-1,233793344;M;Up in Male;;;;
ENSGALG00000024507;0,297377711;0,79326163;1,969951895;0,021880282;-1,672574184;M;Up in Male;;;;
ENSGALG00000005360;2,346349411;0,020331508;3,006840553;0,002858354;-0,660491142;M;Up in Male;;;;
ENSGALG00000042963;1,54354684;0,000138313;1,046986786;0,019454168;0,496560053;Both;Both;;;;
ENSGALG00000041858;1,833130835;1,98E-10;0,916280207;0,005227218;0,916850628;F;Up in Female;;;;
ENSGALG00000027429;3,937021816;2,62E-63;1,861714271;2,41E-13;2,075307544;F;Up in Female;;;;
ENSGALG00000039571;1,513550898;5,11E-10;-0,130138883;0,73199044;1,643689781;F;Up in Female;;;;
ENSGALG00000000645;1,523120527;1,35E-07;0,349107693;0,344945817;1,174012834;F;Up in Female;;;;
ENSGALG00000038532;1,562262343;1,12E-09;0,331910794;0,299296465;1,230351549;F;Up in Female;;;;
ENSGALG00000002637;2,02148115;0,027125195;1,990066477;0,0428511;0,031414673;Both;Both;;;;
ENSGALG00000003034;1,545933767;0,013505734;0,822158965;0,232024915;0,723774802;F;Up in Female;;;;
ENSGALG00000051123;0,707255694;0,04334239;3,536133648;0,089148267;-2,828877954;M;Up in Male;;;;
ENSGALG00000051568;1,736391557;6,42E-08;0;1;1,736391557;F;Up in Female;;;;
ENSGALG00000041221;0,241332943;0,300564914;4,659572332;0,021603284;-4,418239389;M;Up in Male;;;;
ENSGALG00000035998;0,397859326;0,160117857;1,519277641;0,038658195;-1,121418315;M;Up in Male;;;;
ENSGALG00000029545;1,006064508;9,86E-06;2,659892198;0,362283526;-1,65382769;M;Up in Male;;;;
ENSGALG00000049069;-0,160209779;0,766929125;1,852956869;0,033492522;-2,013166648;M;Up in Male;;;;
ENSGALG00000052946;1,718986142;0,044020419;2,662902433;0,385129965;-0,943916291;M;Up in Male;;;;
ENSGALG00000048633;1,704075937;0,035646933;0;1;1,704075937;F;Up in Female;;;;
ENSGALG00000047355;1,515226038;0,011322929;0,799574089;0,494612839;0,715651949;F;Up in Female;;;;
ENSGALG00000049534;1,828642966;1,09E-14;4,978346066;0,011445189;-3,1497031;M;Up in Male;;;;
ENSGALG00000047426;0,116821207;0,587361829;2,633002531;0,034938966;-2,516181324;M;Up in Male;;;;
ENSGALG00000029382;2,599205397;1,57E-35;3,301823748;2,15E-65;-0,702618351;M;Up in Male;;;;
ENSGALG00000001203;0,842295324;0,15450686;1,525192425;0,002556198;-0,682897101;M;Up in Male;;;;
ENSGALG00000032467;0,924473779;3,49E-06;1,553174877;7,61E-18;-0,628701098;M;Up in Male;;;;
ENSGALG00000052879;0,589310993;0,192270088;1,535172984;6,94E-05;-0,945861991;M;Up in Male;;;;
ENSGALG00000037050;0,989831988;2,36E-05;1,912585014;5,32E-19;-0,922753025;M;Up in Male;;;;
ENSGALG00000034756;0,83333596;0,031335841;1,506178107;2,26E-05;-0,672842146;M;Up in Male;;;;
ENSGALG00000002319;2,246890901;3,92E-17;2,22271684;1,09E-18;0,024174061;Both;Both;;;;
ENSGALG00000004221;1,759979983;9,08E-18;0,478429835;0,061547076;1,281550148;F;Up in Female;;;;
ENSGALG00000023933;1,416557995;7,83E-05;2,4820919;8,69E-14;-1,065533905;M;Up in Male;;;;
ENSGALG00000048681;1,671078467;0,005389315;-0,202534629;0,821441764;1,873613096;F;Up in Female;;;;
ENSGALG00000036346;2,826811558;1,71E-64;6,434890678;0;-3,60807912;M;Up in Male;;;;
ENSGALG00000044632;0,590145058;0,018169565;2,678275415;9,36E-43;-2,088130358;M;Up in Male;;;;
ENSGALG00000029812;1,654484926;0,022655029;0,47166274;0,603554181;1,182822186;F;Up in Female;;;;
ENSGALG00000054241;1,812320678;0,005434794;1,073275881;0,132474376;0,739044797;F;Up in Female;;;;
ENSGALG00000052371;2,35436798;0,041172858;0,195756407;0,904409557;2,158611573;F;Up in Female;;;;
ENSGALG00000050627;0,795154367;0,302444555;3,246888009;1,72E-12;-2,451733642;M;Up in Male;;;;
ENSGALG00000050713;1,736925198;3,11E-05;1,426693472;0,000740899;0,310231726;Both;Both;;;;
ENSGALG00000031651;3,555285432;1,40E-07;2,796897194;0,002371411;0,758388238;F;Up in Female;;;;
ENSGALG00000047442;-1,560401313;0,000152209;-1,868482558;2,76E-06;0,308081245;Both;Both;;;;
ENSGALG00000006473;-2,048991742;1,28E-06;-1,126503025;0,013667526;-0,922488717;M;Down in Female;;;;
ENSGALG00000054941;-1,778777478;0,007206082;-0,423500475;0,569431236;-1,355277003;M;Down in Female;;;;
ENSGALG00000008193;-1,830429404;2,31E-07;-1,820337319;1,85E-07;-0,010092085;Both;Both;;;;
ENSGALG00000053114;-1,633451436;1,50E-06;-1,177219738;0,000470061;-0,456231698;Both;Both;;;;
ENSGALG00000009514;-1,516400826;1,67E-05;-0,839976048;0,024698113;-0,676424779;M;Down in Female;;;;
ENSGALG00000010152;-1,723101005;0,012426984;-1,581474577;0,019600544;-0,141626429;Both;Both;;;;
ENSGALG00000051132;-0,784901052;0,099927124;-2,059990278;5,05E-07;1,275089226;F;Down in Male;;;;
ENSGALG00000010935;0,055955049;0,933527518;-1,605329613;4,97E-05;1,661284662;F;Down in Male;;;;
ENSGALG00000011270;-1,647264146;8,51E-10;-1,58795446;2,82E-09;-0,059309686;Both;Both;;;;
ENSGALG00000011309;-1,151080332;0,001899817;-1,613154822;4,30E-06;0,46207449;Both;Both;;;;
ENSGALG00000011406;-1,321889212;0,001397941;-1,670880841;1,36E-05;0,34899163;Both;Both;;;;
ENSGALG00000037167;-2,86803307;3,20E-09;-2,08300762;7,90E-06;-0,78502545;M;Down in Female;;;;
ENSGALG00000028989;-1,539616184;0,006360341;-1,198763519;0,024821569;-0,340852665;Both;Both;;;;
ENSGALG00000012442;-1,228965048;0,100574633;-1,674732597;0,025440734;0,445767549;Both;Both;;;;
ENSGALG00000039245;-1,555436605;3,58E-08;-1,616658866;6,59E-09;0,061222262;Both;Both;;;;
ENSGALG00000040493;-0,281146815;0,258514156;-1,728898369;1,57E-19;1,447751554;F;Down in Male;;;;
ENSGALG00000012988;-1,553919417;0,001944923;-1,709337518;0,000390635;0,155418101;Both;Both;;;;
ENSGALG00000012994;-1,68514059;0,029116265;-1,067686209;0,201811687;-0,617454382;M;Down in Female;;;;
ENSGALG00000013143;-1,706928248;0,021442515;-1,453602049;0,0577585;-0,253326199;Both;Both;;;;
ENSGALG00000013177;-1,614080967;5,55E-05;-1,794009733;3,56E-06;0,179928766;Both;Both;;;;
ENSGALG00000013211;-2,061990454;6,99E-13;-0,688315856;0,031100802;-1,373674598;M;Down in Female;;;;
ENSGALG00000014178;-2,446898165;0,000187923;-2,821295145;9,78E-06;0,374396979;Both;Both;;;;
ENSGALG00000031503;-1,542420001;0,000427132;-1,001432775;0,031660146;-0,540987227;Both;Both;;;;
ENSGALG00000031659;-1,550126034;6,38E-05;-1,366583489;0,000599709;-0,183542545;Both;Both;;;;
ENSGALG00000034698;-2,070535686;0,009357766;-1,752803262;0,022649996;-0,317732424;Both;Both;;;;
ENSGALG00000015253;-1,505249853;3,27E-09;-1,484490645;4,59E-09;-0,020759209;Both;Both;;;;
ENSGALG00000026299;-1,773408182;0,000149218;-1,450091667;0,000936754;-0,323316515;Both;Both;;;;
ENSGALG00000015413;-2,545604964;0,044683137;-0,725406197;0,573956408;-1,820198768;M;Down in Female;;;;
ENSGALG00000015446;-2,369210353;1,82E-37;-1,397760893;5,26E-15;-0,97144946;M;Down in Female;;;;
ENSGALG00000015795;-1,635773823;4,46E-05;-1,006537413;0,017538291;-0,62923641;M;Down in Female;;;;
ENSGALG00000040059;-1,870727855;0,026678295;-1,014215743;0,235544977;-0,856512112;M;Down in Female;;;;
ENSGALG00000016022;-2,128853133;0,003063014;-1,233217084;0,076870233;-0,895636049;M;Down in Female;;;;
ENSGALG00000016128;-1,581935335;0,024220562;-1,703726473;0,014780707;0,121791138;Both;Both;;;;
ENSGALG00000016140;-0,553375506;0,051978988;-1,76276654;2,47E-11;1,209391034;F;Down in Male;;;;
ENSGALG00000016375;-1,592113715;0,008725538;-1,179130235;0,05711134;-0,41298348;Both;Both;;;;
ENSGALG00000016590;-1,948513552;1,39E-09;-1,74306781;8,40E-08;-0,205445742;Both;Both;;;;
ENSGALG00000016584;-2,323727343;1,40E-16;-1,327090879;2,59E-06;-0,996636464;M;Down in Female;;;;
ENSGALG00000031375;-2,17975842;2,93E-05;-2,417231211;8,87E-07;0,237472791;Both;Both;;;;
ENSGALG00000054182;-2,346192997;0,02801795;-2,610066796;0,004867266;0,263873799;Both;Both;;;;
ENSGALG00000033739;-2,302115833;0,000764279;-2,945547871;3,08E-06;0,643432038;F;Down in Male;;;;
ENSGALG00000035027;-1,590257104;0,041690998;-1,159343236;0,127650886;-0,430913868;Both;Both;;;;
ENSGALG00000016843;-1,526645541;6,24E-09;-1,224206818;5,09E-06;-0,302438723;Both;Both;;;;
ENSGALG00000016870;-1,937986406;3,13E-08;-1,675451549;1,91E-06;-0,262534857;Both;Both;;;;
ENSGALG00000016884;-1,096048377;0,381849001;-2,601633546;0,029038041;1,505585169;F;Down in Male;;;;
ENSGALG00000016904;-0,951732654;0,003434585;-2,272500762;9,46E-13;1,320768107;F;Down in Male;;;;
ENSGALG00000033816;-1,624535364;1,21E-12;-0,878621139;0,000132169;-0,745914226;M;Down in Female;;;;
ENSGALG00000016908;-1,698339515;1,49E-08;-1,56577942;4,85E-08;-0,132560095;Both;Both;;;;
ENSGALG00000016934;-1,561242741;2,68E-10;-1,315976078;1,25E-07;-0,245266663;Both;Both;;;;
ENSGALG00000036258;-1,274082273;3,84E-08;-1,677367511;1,97E-13;0,403285239;Both;Both;;;;
ENSGALG00000016954;-1,536459857;0,001330858;-1,704033014;0,000234171;0,167573157;Both;Both;;;;
ENSGALG00000016992;-1,344585048;0,001828654;-2,155775816;4,50E-07;0,811190768;F;Down in Male;;;;
ENSGALG00000042570;-1,084514345;0,000137976;-1,607201936;6,97E-09;0,522687591;Both;Both;;;;
ENSGALG00000051492;-1,656049665;0,003105539;-2,537333687;5,92E-06;0,881284022;F;Down in Male;;;;
ENSGALG00000055067;-2,136919608;0,000857304;-0,831524799;0,204055264;-1,305394809;M;Down in Female;;;;
ENSGALG00000019061;-3,027583998;5,69E-09;-3,142029423;3,52E-07;0,114445425;Both;Both;;;;
ENSGALG00000029416;-1,043984355;0,00345312;-1,525174075;8,55E-06;0,481189721;Both;Both;;;;
ENSGALG00000017197;-1,623902507;0,000164234;-1,569437359;0,000401868;-0,054465149;Both;Both;;;;
ENSGALG00000025390;-0,27885765;0,794038615;-1,735061839;0,03444025;1,456204189;F;Down in Male;;;;
ENSGALG00000017229;-1,403355895;0,030855335;-1,556382031;0,015256246;0,153026136;Both;Both;;;;
ENSGALG00000028018;-1,612530134;0,000696717;-1,689756418;0,000391796;0,077226283;Both;Both;;;;
ENSGALG00000053106;-1,67310239;1,92E-08;-1,641547604;2,92E-08;-0,031554786;Both;Both;;;;
ENSGALG00000017268;-1,802061334;0,009167607;-0,633353658;0,388144292;-1,168707676;M;Down in Female;;;;
ENSGALG00000031450;-1,613028307;0,000152228;-1,253271099;0,004193784;-0,359757207;Both;Both;;;;
ENSGALG00000017332;-2,07713388;2,07E-06;-1,680617008;0,000129061;-0,396516871;Both;Both;;;;
ENSGALG00000047569;-1,988725505;1,77E-05;-2,681163685;3,03E-09;0,69243818;F;Down in Male;;;;
ENSGALG00000005401;-0,965210565;0,086455353;-1,859793709;0,000533022;0,894583144;F;Down in Male;;;;
ENSGALG00000050406;-1,738744404;0,006194535;-0,805243365;0,256961473;-0,933501039;M;Down in Female;;;;
ENSGALG00000006158;-1,750385296;1,59E-09;-1,50874132;1,15E-07;-0,241643976;Both;Both;;;;
ENSGALG00000041791;-1,790322399;3,67E-12;-1,38092847;1,21E-07;-0,409393929;Both;Both;;;;
ENSGALG00000048552;-1,995745096;0,058462599;-2,340695145;0,017116362;0,344950049;Both;Both;;;;
ENSGALG00000006575;-2,467523369;2,69E-13;-2,579572037;5,57E-15;0,112048668;Both;Both;;;;
ENSGALG00000027765;-2,148000502;1,44E-08;-1,496125117;3,30E-05;-0,651875385;M;Down in Female;;;;
ENSGALG00000028304;-1,348390351;0,022601695;-1,637171898;0,004262715;0,288781547;Both;Both;;;;
ENSGALG00000008629;-1,342707394;5,48E-10;-1,507710795;2,38E-12;0,165003401;Both;Both;;;;
ENSGALG00000008671;-0,997812592;0,03788398;-2,069744321;1,56E-06;1,071931729;F;Down in Male;;;;
ENSGALG00000008976;-1,951590113;2,56E-07;-1,63676375;1,17E-05;-0,314826363;Both;Both;;;;
ENSGALG00000009004;-0,956743209;0,14686232;-1,635076785;0,011911766;0,678333576;F;Down in Male;;;;
ENSGALG00000010711;-2,161829297;4,96E-12;-1,608527827;1,20E-07;-0,553301471;Both;Both;;;;
ENSGALG00000042443;-1,827306206;1,37E-06;-2,064222603;7,88E-09;0,236916397;Both;Both;;;;
ENSGALG00000010825;-1,751042936;0,026899862;-1,920798165;0,013662765;0,169755229;Both;Both;;;;
ENSGALG00000028095;-1,725052711;0,000883071;-2,055517257;8,70E-05;0,330464546;Both;Both;;;;
ENSGALG00000011145;-1,562073182;4,56E-11;-1,330400928;2,25E-08;-0,231672254;Both;Both;;;;
ENSGALG00000019622;-1,560732028;2,22E-06;-2,092464557;3,25E-11;0,531732529;Both;Both;;;;
ENSGALG00000037077;-1,583789949;0,007951428;-1,445528695;0,019483323;-0,138261254;Both;Both;;;;
ENSGALG00000042289;-2,811562347;6,69E-16;-2,109563412;4,58E-11;-0,701998935;M;Down in Female;;;;
ENSGALG00000039092;-1,373044196;0,000989912;-1,597917054;7,17E-05;0,224872858;Both;Both;;;;
ENSGALG00000032097;-1,192844739;0,046271825;-1,657699061;0,005327751;0,464854322;Both;Both;;;;
ENSGALG000000418201;-1,530362383;0,23649998;2,741405422;0,001498579;-4,271767804;M;Up in Male;;;;
ENSGALG00000029378;-1,604407054;4,62E-05;-1,064884297;0,010570223;-0,539522757;Both;Both;;;;
ENSGALG00000040266;-1,744877705;4,25E-07;-1,734699418;3,24E-07;-0,010178286;Both;Both;;;;
ENSGALG00000042784;-1,810887748;0,035255309;-1,093732494;0,205438827;-0,717155254;M;Down in Female;;;;
ENSGALG00000034119;-1,619217754;0,036420289;-1,216979576;0,12285015;-0,402238178;Both;Both;;;;
ENSGALG00000041404;-1,514972911;0,00078645;-1,86255582;9,71E-06;0,347582909;Both;Both;;;;
ENSGALG00000042454;-1,52538241;3,03E-05;-2,613308746;1,95E-14;1,087926336;F;Down in Male;;;;
ENSGALG00000039474;-1,479604976;1,53E-08;-1,719775629;2,17E-11;0,240170653;Both;Both;;;;
ENSGALG00000048022;-3,221018323;1,47E-11;-3,58843685;7,80E-13;0,367418527;Both;Both;;;;
ENSGALG00000012802;-1,519475992;1,51E-07;-1,842721529;8,32E-11;0,323245537;Both;Both;;;;
ENSGALG00000030442;-2,327940129;4,61E-19;-1,969407988;6,28E-14;-0,358532141;Both;Both;;;;
ENSGALG00000013640;-1,519324367;0,009801154;-1,688169319;0,00361738;0,168844952;Both;Both;;;;
ENSGALG00000013782;-1,500978474;4,75E-05;-0,812126313;0,04318744;-0,688852161;M;Down in Female;;;;
ENSGALG00000035569;-0,768690088;0,331323062;-1,563607802;0,046294023;0,794917715;F;Down in Male;;;;
ENSGALG00000032087;-1,392910357;0,011457867;-1,697808512;0,001724381;0,304898154;Both;Both;;;;
ENSGALG00000015034;-1,637588907;7,72E-07;-1,141470214;0,000403805;-0,496118693;Both;Both;;;;
ENSGALG00000041222;-2,467850365;0,007024699;-1,426066545;0,12410283;-1,04178382;M;Down in Female;;;;
ENSGALG00000030031;-0,739354997;0,084335647;-2,44430916;6,49E-10;1,704954162;F;Down in Male;;;;
ENSGALG00000054431;-1,851974713;0,033718928;-2,079212538;0,016197849;0,227237825;Both;Both;;;;
ENSGALG00000039553;-1,500178862;0,000628953;-1,571933121;0,000281722;0,071754259;Both;Both;;;;
ENSGALG00000031693;-2,298944138;0,000390285;-1,587678973;0,007852706;-0,711265165;M;Down in Female;;;;
ENSGALG00000029264;-2,663214906;3,73E-07;-2,264396938;1,77E-05;-0,398817968;Both;Both;;;;
ENSGALG00000037164;-1,561165662;3,96E-08;-1,336968535;3,17E-06;-0,224197127;Both;Both;;;;
ENSGALG00000034188;-1,798945992;7,73E-05;-1,508020374;0,000989467;-0,290925618;Both;Both;;;;
ENSGALG00000049541;-4,075795654;0,008902388;-2,249504638;NA;-1,826291016;M;Down in Female;;;;
ENSGALG00000035094;-1,003636099;0,044290282;-1,630000317;0,000344829;0,626364218;F;Down in Male;;;;
ENSGALG00000050888;-3,975556457;1,71E-08;-2,926085325;1,56E-06;-1,049471132;M;Down in Female;;;;
ENSGALG00000048883;-3,204078068;8,89E-17;-2,906193329;2,22E-16;-0,297884739;Both;Both;;;;
ENSGALG00000041179;-1,638336281;0,014928824;-0,915462775;0,196195559;-0,722873506;M;Down in Female;;;;
ENSGALG00000047328;-1,755413166;0,040837923;-0,383821212;0,703685675;-1,371591954;M;Down in Female;;;;
ENSGALG00000052538;-1,734918957;1,11E-12;-2,026284571;4,19E-17;0,291365614;Both;Both;;;;
ENSGALG00000031578;-1,487382408;0,003786814;-1,739083841;0,000556721;0,251701433;Both;Both;;;;
ENSGALG00000037626;-1,943201975;4,79E-07;-1,411444491;0,000338675;-0,531757484;Both;Both;;;;
ENSGALG00000039831;-2,599586998;0,000103025;-2,997545784;1,69E-06;0,397958786;Both;Both;;;;
ENSGALG00000026264;-2,159716245;5,35E-09;-2,103106805;4,12E-09;-0,05660944;Both;Both;;;;
ENSGALG00000043080;-1,524600424;2,57E-14;-1,406900585;1,58E-12;-0,11769984;Both;Both;;;;
ENSGALG00000048241;-2,095282314;4,40E-07;-2,514462866;4,30E-09;0,419180552;Both;Both;;;;
ENSGALG00000053744;-1,528131113;0,021638768;-1,905016385;0,00303887;0,376885272;Both;Both;;;;
ENSGALG00000049600;-2,744154837;0,008261609;-2,015779435;0,044019262;-0,728375403;M;Down in Female;;;;
ENSGALG00000038432;-2,414334978;0,00232224;-1,660818477;0,037754098;-0,753516501;M;Down in Female;;;;
ENSGALG00000009034;-0,814720716;0,028565819;-1,555830416;5,77E-06;0,7411097;F;Down in Male;;;;
ENSGALG00000052015;-2,035410119;1,16E-07;-1,559579689;1,78E-05;-0,47583043;Both;Both;;;;
ENSGALG00000050584;-0,468598572;0,458883103;-1,962562028;0,000703976;1,493963455;F;Down in Male;;;;
ENSGALG00000010664;-2,050868699;0,002439614;-1,857974286;0,006968772;-0,192894413;Both;Both;;;;
ENSGALG00000051378;-1,709478181;0,010855333;-1,077523815;0,124241704;-0,631954366;M;Down in Female;;;;
ENSGALG00000011200;-2,07410404;2,20E-09;0,588731128;0,151933573;-2,662835168;M;Down in Female;;;;
ENSGALG00000011205;-1,797820323;1,76E-11;-1,78629903;1,77E-11;-0,011521293;Both;Both;;;;
ENSGALG00000011296;-1,025491151;0,000410401;-1,601198129;3,78E-09;0,575706979;Both;Both;;;;
ENSGALG00000028420;-1,487432047;0,243440049;-2,712503325;0,015937195;1,225071278;F;Down in Male;;;;
ENSGALG00000013616;-1,88745572;1,83E-09;-1,903896773;9,73E-10;0,016441052;Both;Both;;;;
ENSGALG00000013912;-2,049932596;0,101179376;-2,664101233;0,024910329;0,614168637;F;Down in Male;;;;
ENSGALG00000034397;-1,708901105;0,010913559;-0,422735493;0,56463141;-1,286165612;M;Down in Female;;;;
ENSGALG00000042388;-2,748925428;1,26E-08;-2,294363019;1,62E-06;-0,454562409;Both;Both;;;;
ENSGALG00000014848;-2,705138319;1,25E-07;-2,489881289;2,20E-06;-0,215257029;Both;Both;;;;
ENSGALG00000038720;-1,555927219;0,000150459;-1,54433465;0,000142141;-0,011592569;Both;Both;;;;
ENSGALG00000015410;-0,920972351;0,003190876;-1,564206013;3,25E-07;0,643233662;F;Down in Male;;;;
ENSGALG00000026761;-1,709974676;2,17E-06;-1,814180127;2,20E-07;0,104205451;Both;Both;;;;
ENSGALG00000015466;-1,905835245;0,001341352;-2,865707718;8,36E-09;0,959872473;F;Down in Male;;;;
ENSGALG00000050842;-1,436383442;0,080334359;-1,991795121;0,011179382;0,555411679;Both;Both;;;;
ENSGALG00000015593;-1,492572133;3,82E-06;-1,580509837;6,16E-07;0,087937703;Both;Both;;;;
ENSGALG00000015833;-1,571907003;0,017277771;-1,255293153;0,061344831;-0,316613849;Both;Both;;;;
ENSGALG00000055053;-2,071745102;2,44E-10;-0,888842817;0,012108457;-1,182902285;M;Down in Female;;;;
ENSGALG00000027355;-1,510174167;4,20E-20;-1,075497256;9,93E-11;-0,434676911;Both;Both;;;;
ENSGALG00000015910;-1,549014775;0,000415233;-1,0329061;0,026543037;-0,516108675;Both;Both;;;;
ENSGALG00000016299;-1,860695771;0,000835021;-0,826932306;0,182355078;-1,033763465;M;Down in Female;;;;
ENSGALG00000017926;-1,409881981;0,000297551;-1,502965287;9,23E-05;0,093083306;Both;Both;;;;
ENSGALG00000016361;-1,797350693;3,92E-08;-1,039474935;0,002115553;-0,757875758;M;Down in Female;;;;
ENSGALG00000016470;-1,649721351;0,000100841;-1,504074777;0,000290639;-0,145646574;Both;Both;;;;
ENSGALG00000047554;-2,010553336;0,000528515;-1,56851703;0,004509694;-0,442036306;Both;Both;;;;
ENSGALG00000016499;-1,656180837;0,01222103;-1,150092183;0,085563552;-0,506088654;Both;Both;;;;
ENSGALG00000052087;-1,728812867;1,12E-22;-1,846662046;8,49E-26;0,11784918;Both;Both;;;;
ENSGALG00000042705;-1,447109095;0,053420891;-1,681906706;0,028580397;0,234797612;Both;Both;;;;
ENSGALG00000054235;-1,975138642;0,012519048;-1,682406457;0,021637008;-0,292732185;Both;Both;;;;
ENSGALG00000016661;-1,146370712;0,033532889;-1,852421157;0,000371831;0,706050445;F;Down in Male;;;;
ENSGALG00000054596;-2,902439195;0,027958952;-2,283872205;0,058512758;-0,618566989;M;Down in Female;;;;
ENSGALG00000048370;-1,513319086;0,302792822;-3,185214573;0,015244151;1,671895486;F;Down in Male;;;;
ENSGALG00000016707;-2,424989397;0,00761121;-2,176067289;0,00954938;-0,248922108;Both;Both;;;;
ENSGALG00000031360;-1,200052014;0,340857635;-3,20713899;0,00285334;2,007086976;F;Down in Male;;;;
ENSGALG00000006087;-1,476615581;7,15E-05;-2,260573035;3,77E-10;0,783957453;F;Down in Male;;;;
ENSGALG00000031144;-1,675789826;0,044683137;-0,83023483;0,331744084;-0,845554996;M;Down in Female;;;;
ENSGALG00000006851;-1,843427779;3,11E-09;-2,019715931;4,13E-11;0,176288152;Both;Both;;;;
ENSGALG00000007157;-1,024055839;0,002842655;-1,911787598;2,50E-09;0,887731759;F;Down in Male;;;;
ENSGALG00000007646;-2,25525058;0,000836205;-1,425432078;0,050711623;-0,829818502;M;Down in Female;;;;
ENSGALG00000007755;-1,657395774;0,000682965;-1,043391117;0,043344117;-0,614004657;M;Down in Female;;;;
ENSGALG00000009207;-1,687147483;3,24E-07;-1,41970283;2,36E-05;-0,267444653;Both;Both;;;;
ENSGALG00000054557;-2,845941775;0,000269176;-0,860954309;0,260797444;-1,984987465;M;Down in Female;;;;
ENSGALG00000009499;-0,885896478;0,036787363;-1,564754227;0,000235763;0,678857749;F;Down in Male;;;;
ENSGALG00000009498;-0,363143114;0,743282175;-1,995571434;0,034633136;1,63242832;F;Down in Male;;;;
ENSGALG00000054898;-1,981312563;0,005577053;-1,674785857;0,015412569;-0,306526706;Both;Both;;;;
ENSGALG00000047741;-2,470582136;0,035237592;-1,849831703;0,100267699;-0,620750433;M;Down in Female;;;;
ENSGALG00000035052;-0,046299167;0,949158344;-1,724362664;0,000239619;1,678063496;F;Down in Male;;;;
ENSGALG00000011823;-1,517068919;8,20E-06;-1,402616854;3,94E-05;-0,114452065;Both;Both;;;;
ENSGALG00000037740;-1,794195545;1,78E-05;-2,415322576;1,77E-08;0,621127031;F;Down in Male;;;;
ENSGALG00000011961;-0,530716446;0,512732954;-1,727335383;0,020809238;1,196618938;F;Down in Male;;;;
ENSGALG00000011982;-1,755969742;7,68E-06;-1,429741361;0,000333504;-0,326228381;Both;Both;;;;
ENSGALG00000012015;-2,002340526;8,17E-14;-1,891436507;7,78E-14;-0,110904019;Both;Both;;;;
ENSGALG00000047973;-2,005234411;0,04044031;-2,858357878;0,006029163;0,853123467;F;Down in Male;;;;
ENSGALG00000031410;-2,019558384;3,28E-29;-1,016382364;7,07E-08;-1,00317602;M;Down in Female;;;;
ENSGALG00000054998;-2,321312162;0,022130831;-1,708526943;0,069791343;-0,61278522;M;Down in Female;;;;
ENSGALG00000051538;-3,152000316;0,023962325;-2,11453562;0,068207841;-1,037464696;M;Down in Female;;;;
ENSGALG00000013427;-1,331666341;0,001476524;-1,534623692;0,000163292;0,202957351;Both;Both;;;;
ENSGALG00000020143;-1,722956542;5,45E-06;-2,252242767;1,36E-09;0,529286224;Both;Both;;;;
ENSGALG00000051022;-2,019005523;0,007382291;-1,277724125;0,087544335;-0,741281398;M;Down in Female;;;;
ENSGALG00000014267;-1,924467397;0,001851513;-1,301744419;0,038216548;-0,622722977;M;Down in Female;;;;
ENSGALG00000048082;-2,534758764;4,76E-05;-0,845861165;0,206305721;-1,688897599;M;Down in Female;;;;
ENSGALG00000014971;-1,191163433;0,00345312;-1,6429838;1,51E-05;0,451820367;Both;Both;;;;
ENSGALG00000015015;-0,699676467;0,114935705;-2,397491269;7,13E-08;1,697814802;F;Down in Male;;;;
ENSGALG00000015554;-1,96143511;4,64E-05;-1,797805761;0,000184288;-0,163629349;Both;Both;;;;
ENSGALG00000049141;0,910265647;0,180813749;-2,597667101;0,003062492;3,507932749;F;Down in Male;;;;
ENSGALG00000016001;-2,231676611;0,002984954;-1,538267114;0,040035429;-0,693409498;M;Down in Female;;;;
ENSGALG00000036589;-1,777402703;4,33E-16;-1,286839018;8,18E-09;-0,490563685;Both;Both;;;;
ENSGALG00000036775;-1,738549256;3,23E-08;-1,636898921;1,10E-07;-0,101650335;Both;Both;;;;
ENSGALG00000014786;-1,518384703;2,42E-07;-0,989703326;0,001276164;-0,528681377;Both;Both;;;;
ENSGALG00000026553;-1,730024163;0,041692003;-2,123573733;0,002747705;0,39354957;Both;Both;;;;
ENSGALG00000014967;-1,932216436;0,010468338;-1,417615828;0,047800601;-0,514600608;Both;Both;;;;
ENSGALG00000012644;-3,427428047;6,27E-05;-3,29086956;0,000479122;-0,136558487;Both;Both;;;;
ENSGALG00000052579;-2,355103027;0,042222566;-3,745108529;0,017035567;1,390005502;F;Down in Male;;;;
ENSGALG00000015205;-2,244309287;0,039672208;-1,84014883;0,060930932;-0,404160458;Both;Both;;;;
ENSGALG00000015148;-2,400167156;3,38E-26;-2,471121271;2,51E-28;0,070954115;Both;Both;;;;
ENSGALG00000015150;-3,131244978;0,002829813;-3,292943151;0,000914376;0,161698174;Both;Both;;;;
ENSGALG00000015154;-1,963311451;3,49E-06;-1,935315033;1,59E-07;-0,027996418;Both;Both;;;;
ENSGALG00000012593;-0,662649392;0,07885042;-1,882133169;3,74E-09;1,219483777;F;Down in Male;;;;
ENSGALG00000012594;-2,419918625;0,000805907;-1,706111111;0,01246135;-0,713807513;M;Down in Female;;;;
ENSGALG00000053878;-1,948644323;2,52E-06;-0,673314462;0,104423516;-1,275329861;M;Down in Female;;;;
ENSGALG00000054498;-1,675262158;0,010571053;-0,900453266;0,190271552;-0,774808891;M;Down in Female;;;;
ENSGALG00000050226;-2,347093487;0,019547578;-0,581366285;0,593083227;-1,765727202;M;Down in Female;;;;
ENSGALG00000015433;-1,792416679;0,003810231;-1,541895531;0,015396394;-0,250521148;Both;Both;;;;
ENSGALG00000044272;-0,613798451;0,686281359;-3,794867276;0,008716451;3,181068826;F;Down in Male;;;;
ENSGALG00000050522;-0,599623501;0,69110314;-3,707394941;0,009733238;3,10777144;F;Down in Male;;;;
ENSGALG00000001869;-1,519043193;2,75E-05;-1,103237144;0,001586358;-0,415806048;Both;Both;;;;
ENSGALG00000050752;-1,779577429;0,000645384;-1,336681622;0,013929131;-0,442895807;Both;Both;;;;
ENSGALG00000043025;-1,6537755;0,000140108;-1,539955958;0,000275975;-0,113819542;Both;Both;;;;
ENSGALG00000054304;-1,415096224;0,010503562;-1,675303562;0,001345748;0,260207338;Both;Both;;;;
ENSGALG00000040761;1,186314935;0,012139405;-1,663985709;0,002129826;2,850300644;F;Down in Male;;;;
ENSGALG00000030151;-1,553522297;2,53E-12;-1,515857023;1,27E-11;-0,037665274;Both;Both;;;;
ENSGALG00000028103;-1,456802592;0,128656251;-2,800139517;0,003860862;1,343336925;F;Down in Male;;;;
ENSGALG00000039822;-1,419793089;0,00379404;-1,524758608;0,002118998;0,104965519;Both;Both;;;;
ENSGALG00000006074;-2,041894921;7,87E-05;-1,380464199;0,007171456;-0,661430722;M;Down in Female;;;;
ENSGALG00000020505;-1,514864179;7,07E-05;-0,579480089;0,172736934;-0,93538409;M;Down in Female;;;;
ENSGALG00000047061;-1,77244636;0,01971861;-0,559141206;0,507928247;-1,213305154;M;Down in Female;;;;
ENSGALG00000011609;-1,726507502;0,018408184;-1,511738538;0,035965243;-0,214768964;Both;Both;;;;
ENSGALG00000037556;-1,544910514;0,006206948;-1,368833454;0,016696862;-0,176077061;Both;Both;;;;
ENSGALG00000037220;-1,365462257;0,023476306;-2,891483392;2,81E-07;1,526021135;F;Down in Male;;;;
ENSGALG00000047795;-1,802699249;3,20E-05;-1,283209487;0,001449652;-0,519489762;Both;Both;;;;
ENSGALG00000053627;-1,925921686;0,018169565;-1,663719654;0,047321218;-0,262202033;Both;Both;;;;
ENSGALG00000009176;-1,691284602;0,034008102;-1,296360872;0,104403482;-0,39492373;Both;Both;;;;
ENSGALG00000014537;-1,693681192;1,75E-06;-1,350189447;0,000191754;-0,343491745;Both;Both;;;;
ENSGALG00000009723;-1,52286111;5,56E-05;-1,220153885;0,00130735;-0,302707225;Both;Both;;;;
ENSGALG00000009724;-1,363515317;3,12E-05;-1,5601657;1,85E-06;0,196650382;Both;Both;;;;
ENSGALG00000053937;-2,549615939;8,63E-07;-2,898641764;3,19E-07;0,349025824;Both;Both;;;;
ENSGALG00000010139;-2,147558318;2,08E-08;-1,789855337;2,83E-06;-0,357702981;Both;Both;;;;
ENSGALG00000041775;-1,883051935;0,004616683;-1,247191348;0,049452366;-0,635860586;M;Down in Female;;;;
ENSGALG00000026005;-1,300619931;4,18E-08;-1,6290059;4,19E-12;0,328385969;Both;Both;;;;
ENSGALG00000046991;-0,111764134;0,909662558;-1,51358798;0,02568032;1,401823846;F;Down in Male;;;;
ENSGALG00000011236;0,172748322;0,777203926;-1,546038566;0,000969205;1,718786887;F;Down in Male;;;;
ENSGALG00000030673;-0,306991463;0,478936465;-1,579976727;2,83E-06;1,272985264;F;Down in Male;;;;
ENSGALG00000011590;-2,204864648;0,010562796;-0,980900279;0,239348024;-1,223964368;M;Down in Female;;;;
ENSGALG00000011687;-1,285605836;1,02E-07;-1,629252726;3,18E-12;0,34364689;Both;Both;;;;
ENSGALG00000011855;-1,531973788;0,003700968;-1,137258092;0,0370835;-0,394715696;Both;Both;;;;
ENSGALG00000029401;-1,18650471;0,017514912;-1,873725068;8,52E-05;0,687220357;F;Down in Male;;;;
ENSGALG00000039458;-0,623517859;0,049054642;-2,145016128;1,22E-14;1,521498269;F;Down in Male;;;;
ENSGALG00000047535;0,897466845;0,606892733;-4,137928542;0,007452222;5,035395387;F;Down in Male;;;;
ENSGALG00000013342;-2,035812951;2,80E-06;-1,334902565;0,002690943;-0,700910386;M;Down in Female;;;;
ENSGALG00000008466;-1,750259627;0,000913857;-1,072927957;0,047407297;-0,67733167;M;Down in Female;;;;
ENSGALG00000008621;-1,551584786;6,67E-08;-0,99238412;0,001121973;-0,559200666;Both;Both;;;;
ENSGALG00000051776;-3,252221505;0,039409417;-3,103518865;0,041580967;-0,148702639;Both;Both;;;;
ENSGALG00000023420;-2,164148739;2,24E-05;-1,968209848;4,65E-05;-0,195938891;Both;Both;;;;
ENSGALG00000039436;-1,785974303;0,004025251;-2,328164261;0,000418982;0,542189959;Both;Both;;;;
ENSGALG00000010858;-2,95029493;0,029705296;-2,765055686;0,044787465;-0,185239244;Both;Both;;;;
ENSGALG00000011069;-1,587637402;0,001241138;-1,018182366;0,049710908;-0,569455036;Both;Both;;;;
ENSGALG00000011141;-1,798023466;0,009386831;-0,430804493;0,582615222;-1,367218973;M;Down in Female;;;;
ENSGALG00000011813;-1,892811372;5,34E-05;-1,323871314;0,006930403;-0,568940058;Both;Both;;;;
ENSGALG00000031866;-1,720698368;1,18E-06;-0,86626142;0,021735475;-0,854436948;M;Down in Female;;;;
ENSGALG00000052127;-0,150244692;0,932751221;-2,733213257;0,040135011;2,582968565;F;Down in Male;;;;
ENSGALG00000038593;-1,89574885;6,22E-20;-1,366729424;1,92E-11;-0,529019426;Both;Both;;;;
ENSGALG00000050983;-1,682768968;0,000175477;-1,144836299;0,012890064;-0,53793267;Both;Both;;;;
ENSGALG00000031604;-1,720319412;5,66E-08;-1,435442986;7,16E-06;-0,284876425;Both;Both;;;;
ENSGALG00000036824;-0,691738482;0,314295124;-1,767546146;0,003175847;1,075807663;F;Down in Male;;;;
ENSGALG00000051505;-1,518421118;2,00E-26;-1,233004439;1,24E-17;-0,285416679;Both;Both;;;;
ENSGALG00000005689;-0,557873986;0,012423048;-1,611245026;1,43E-16;1,05337104;F;Down in Male;;;;
ENSGALG00000026808;-2,011909325;1,50E-06;-1,970732121;6,94E-07;-0,041177204;Both;Both;;;;
ENSGALG00000023824;-0,641460002;0,410782976;-1,654781483;0,022273509;1,013321481;F;Down in Male;;;;
ENSGALG00000030932;0,639068414;0,54882629;-2,227320671;0,045575222;2,866389085;F;Down in Male;;;;
ENSGALG00000009173;-1,653477874;1,07E-05;-1,418268092;0,000190685;-0,235209782;Both;Both;;;;
ENSGALG00000010461;-1,914461497;6,37E-08;-1,425896063;4,24E-05;-0,488565433;Both;Both;;;;
ENSGALG00000002643;-1,609690269;0,019647502;-0,779926047;0,303615335;-0,829764222;M;Down in Female;;;;
ENSGALG00000003429;-1,533924826;6,24E-21;-0,853751256;7,26E-07;-0,680173571;M;Down in Female;;;;
ENSGALG00000036587;-2,845480698;0,012002064;-1,102197696;0,187872699;-1,743283002;M;Down in Female;;;;
ENSGALG00000004163;-1,893962516;0,002171433;-1,711672173;0,006536695;-0,182290343;Both;Both;;;;
ENSGALG00000046817;-1,776069784;4,56E-06;-1,030463595;0,012001775;-0,745606189;M;Down in Female;;;;
ENSGALG00000005252;0,307625963;0,701810399;-1,641025905;0,013208238;1,948651868;F;Down in Male;;;;
ENSGALG00000025896;-1,780323251;0,05644849;-1,811838354;0,035265134;0,031515103;Both;Both;;;;
ENSGALG00000051830;-2,426901651;0,00770222;-1,2678089;0,138323112;-1,15909275;M;Down in Female;;;;
ENSGALG00000042474;-2,861549069;1,30E-15;-2,752850693;1,56E-15;-0,108698376;Both;Both;;;;
ENSGALG00000044889;-1,249720341;0,22489066;-1,783293017;0,046592319;0,533572676;Both;Both;;;;
ENSGALG00000040113;-2,276155453;0,000689137;-2,414727877;0,000294859;0,138572424;Both;Both;;;;
ENSGALG00000047177;-2,416576727;0,020496841;-2,006471487;0,021085025;-0,41010524;Both;Both;;;;
ENSGALG00000037387;-1,766576103;0,017111136;-1,257803487;0,109193196;-0,508772616;Both;Both;;;;
ENSGALG00000021180;-2,382698002;0,019647502;-1,829358566;0,068969859;-0,553339437;Both;Both;;;;
ENSGALG00000052702;-1,797562729;5,01E-05;-1,555660896;0,000512022;-0,241901833;Both;Both;;;;
ENSGALG00000020813;-1,547274023;4,15E-05;-1,073632479;0,00710713;-0,473641545;Both;Both;;;;
ENSGALG00000007419;-1,323908173;0,000362302;-1,709540174;1,27E-06;0,385632002;Both;Both;;;;
ENSGALG00000023670;-1,945591356;2,12E-05;-1,313603875;0,005089278;-0,631987481;M;Down in Female;;;;
ENSGALG00000040367;-0,727058904;0,308731303;-1,7901479;0,011164226;1,063088996;F;Down in Male;;;;
ENSGALG00000001764;-1,690653666;0,00132919;-1,836775075;0,000916667;0,146121408;Both;Both;;;;
ENSGALG000000034561;2,531660223;0,000427132;-2,622220375;0,094216908;5,153880598;F;Down in Male;;;;
ENSGALG00000006041;-1,628078565;3,82E-08;-1,571534024;9,61E-08;-0,056544541;Both;Both;;;;
ENSGALG00000053663;-2,40447733;9,36E-05;-0,968810839;0,131531785;-1,435666491;M;Down in Female;;;;
ENSGALG00000047695;-1,936377216;0,00136616;-0,901592429;0,170300752;-1,034784787;M;Down in Female;;;;
ENSGALG00000006104;-1,558755862;6,14E-05;-0,447398844;0,336761311;-1,111357018;M;Down in Female;;;;
ENSGALG00000006413;-1,646445723;0,002945411;-2,378434488;5,39E-06;0,731988765;F;Down in Male;;;;
ENSGALG00000006635;-1,335600985;0,107108475;-1,928184161;0,013798898;0,592583176;F;Down in Male;;;;
ENSGALG00000046779;-1,940693082;0,0152527;-1,065425931;0,2131651;-0,875267151;M;Down in Female;;;;
ENSGALG00000030250;-1,798219987;5,82E-06;-1,14327397;0,004167317;-0,654946017;M;Down in Female;;;;
ENSGALG00000041838;-1,172889711;7,87E-05;-1,631108429;1,57E-08;0,458218719;Both;Both;;;;
ENSGALG00000033365;-1,761812272;4,26E-29;-1,755584802;5,39E-29;-0,006227471;Both;Both;;;;
ENSGALG00000007371;-1,549470958;5,85E-11;-1,465416008;4,29E-10;-0,084054951;Both;Both;;;;
ENSGALG00000038850;-1,382604921;2,74E-11;-1,684156546;1,07E-16;0,301551625;Both;Both;;;;
ENSGALG00000037856;-1,393682626;4,18E-08;-1,743110562;1,24E-12;0,349427935;Both;Both;;;;
ENSGALG00000034950;-1,574286824;0,000211922;-1,313030019;0,002192315;-0,261256805;Both;Both;;;;
ENSGALG00000001234;-1,387619129;0,078012876;-1,72967819;0,026403249;0,342059061;Both;Both;;;;
ENSGALG00000050575;-2,284822868;2,89E-18;-2,097926595;3,91E-16;-0,186896273;Both;Both;;;;
ENSGALG00000002957;-0,763998185;0,302701898;-1,612993511;0,013510242;0,848995326;F;Down in Male;;;;
ENSGALG00000048295;-2,085481853;2,96E-08;-2,582736313;1,74E-12;0,497254459;Both;Both;;;;
ENSGALG00000005347;0,517759555;0,064038265;-1,533202065;1,48E-10;2,05096162;F;Down in Male;;;;
ENSGALG00000013437;-1,669754695;0,001792648;-1,204166385;0,025995995;-0,46558831;Both;Both;;;;
ENSGALG00000032143;-1,577602458;1,33E-08;-0,943897208;0,001391597;-0,633705251;M;Down in Female;;;;
ENSGALG00000036593;-1,340189228;6,43E-09;-1,74118273;1,17E-14;0,400993502;Both;Both;;;;
ENSGALG00000042606;-1,860651461;0,006640892;-2,147533436;0,000694088;0,286881976;Both;Both;;;;
ENSGALG00000039140;-1,663426407;0,070972346;-2,277747399;0,008512357;0,614320992;F;Down in Male;;;;
ENSGALG00000048605;-2,397702449;0,038843841;-0,484196126;0,675385238;-1,913506323;M;Down in Female;;;;
ENSGALG00000001690;-0,873327783;0,002951838;-1,560795991;9,92E-09;0,687468208;F;Down in Male;;;;
ENSGALG00000001383;-1,993932135;0,001104428;-1,905408419;0,000880711;-0,088523715;Both;Both;;;;
ENSGALG00000040035;-2,26484802;0,033306154;-2,03991461;0,064518082;-0,224933409;Both;Both;;;;
ENSGALG00000038848;-1,030928016;0,025732234;-1,651114876;0,000135771;0,62018686;F;Down in Male;;;;
ENSGALG00000039698;-1,077992243;0,124857641;-1,567181991;0,028709052;0,489189748;Both;Both;;;;
ENSGALG00000035104;-2,048556519;5,34E-09;-1,777525776;1,07E-06;-0,271030743;Both;Both;;;;
ENSGALG00000053454;0,186080555;0,860041433;-1,738310941;0,043758822;1,924391495;F;Down in Male;;;;
ENSGALG00000049613;-2,833966892;2,88E-07;-1,579973971;0,00133692;-1,253992921;M;Down in Female;;;;
ENSGALG00000006757;-1,710373657;1,94E-05;-1,426369076;0,000428216;-0,284004581;Both;Both;;;;
ENSGALG00000030546;-0,926081022;0,098100286;-1,801606172;0,000724277;0,87552515;F;Down in Male;;;;
ENSGALG00000007278;-2,769043279;8,78E-05;-2,281131241;0,001054148;-0,487912038;Both;Both;;;;
ENSGALG00000023740;-1,731777259;1,13E-09;-0,76943395;0,016488218;-0,962343308;M;Down in Female;;;;
ENSGALG00000000044;-1,579758112;1,42E-10;-2,643110841;1,03E-24;1,063352728;F;Down in Male;;;;
ENSGALG00000038584;-0,095811778;0,935574403;-2,150568118;0,015950206;2,054756339;F;Down in Male;;;;
ENSGALG00000030012;-1,664462805;0,02140042;-2,372937127;0,000662935;0,708474322;F;Down in Male;;;;
ENSGALG00000004758;-1,566761637;9,40E-06;-1,223156879;0,000685982;-0,343604759;Both;Both;;;;
ENSGALG00000005797;-1,789513794;7,73E-05;-0,602639069;0,212664013;-1,186874726;M;Down in Female;;;;
ENSGALG00000003137;-1,644313713;9,07E-06;-1,35920604;0,000228803;-0,285107673;Both;Both;;;;
ENSGALG00000026119;-1,264664499;6,26E-08;-1,513434972;2,47E-11;0,248770473;Both;Both;;;;
ENSGALG00000051836;-2,331912828;0,000262363;-1,649153481;0,005718633;-0,682759347;M;Down in Female;;;;
ENSGALG00000007781;-0,677104993;0,385532345;-1,728613329;0,015195833;1,051508337;F;Down in Male;;;;
ENSGALG00000031058;-0,702674111;0,041669975;-1,608771673;1,42E-07;0,906097561;F;Down in Male;;;;
ENSGALG00000049024;-2,594346259;6,86E-20;-2,728961918;7,68E-19;0,134615659;Both;Both;;;;
ENSGALG00000021395;-0,81995024;0,092467572;-1,588454807;0,000523813;0,768504567;F;Down in Male;;;;
ENSGALG00000004376;-1,356291025;6,51E-07;-1,601957611;1,33E-09;0,245666586;Both;Both;;;;
ENSGALG00000031895;-1,296897936;6,71E-10;-1,507219554;2,53E-13;0,210321617;Both;Both;;;;
ENSGALG00000003545;-1,612775036;0,000191566;-1,730772483;0,000128443;0,117997447;Both;Both;;;;
ENSGALG00000043217;-2,255703594;0,000651138;-3,104801817;2,01E-06;0,849098222;F;Down in Male;;;;
ENSGALG00000001094;-1,323537535;4,41E-05;-1,68311444;7,03E-08;0,359576904;Both;Both;;;;
ENSGALG00000040582;-2,333415577;2,13E-08;-2,198545651;3,86E-08;-0,134869926;Both;Both;;;;
ENSGALG00000022557;-1,55783097;0,006465111;-2,284699117;1,76E-05;0,726868147;F;Down in Male;;;;
ENSGALG00000001387;-1,568646715;0,001943161;-1,134341724;0,024481935;-0,434304991;Both;Both;;;;
ENSGALG00000001410;-1,34977537;0,002241495;-1,655482021;0,000168787;0,305706652;Both;Both;;;;
ENSGALG00000043223;-2,083724529;4,10E-09;-1,492701803;4,90E-05;-0,591022726;M;Down in Female;;;;
ENSGALG00000001885;-0,227677447;0,852344415;-2,423183854;0,009989724;2,195506406;F;Down in Male;;;;
ENSGALG00000047441;-1,855828154;7,29E-07;-1,833015887;6,32E-07;-0,022812267;Both;Both;;;;
ENSGALG00000005409;-1,92907523;2,19E-08;-1,750560785;4,46E-08;-0,178514446;Both;Both;;;;
ENSGALG00000005504;-1,716743221;0,001968139;-1,921724277;0,000331347;0,204981056;Both;Both;;;;
ENSGALG00000019824;1,384969008;0,022829925;-1,633449916;0,038287594;3,018418924;F;Down in Male;;;;
ENSGALG00000000498;-1,50356272;1,32E-08;-1,673446579;1,11E-10;0,169883859;Both;Both;;;;
ENSGALG00000036500;-2,351019339;0,026265542;-0,941138825;0,343916923;-1,409880514;M;Down in Female;;;;
ENSGALG00000033339;-1,633601065;2,84E-11;-1,393663784;6,73E-09;-0,239937281;Both;Both;;;;
ENSGALG00000049232;-1,595198024;0,000156512;-1,011092173;0,016615501;-0,584105851;Both;Both;;;;
ENSGALG00000054895;-1,537146244;2,22E-05;-2,027881111;2,57E-08;0,490734866;Both;Both;;;;
ENSGALG00000053345;-0,198092306;0,762482241;-1,572823883;0,001614332;1,374731577;F;Down in Male;;;;
ENSGALG00000031373;-2,26588232;9,48E-16;-1,439993243;2,51E-07;-0,825889078;M;Down in Female;;;;
ENSGALG00000037713;-2,23389444;1,57E-05;-2,763397205;3,45E-07;0,529502765;Both;Both;;;;
ENSGALG00000035387;-1,923549149;0,006223464;-0,691653329;0,350843571;-1,23189582;M;Down in Female;;;;
ENSGALG00000029132;-1,8610444;0,028909814;-1,17217265;0,19094934;-0,688871749;M;Down in Female;;;;
ENSGALG00000021567;-2,471084969;0,041755263;-2,566487005;NA;0,095402036;Both;Both;;;;
ENSGALG00000038540;-0,880646083;0,039449767;-1,563302523;9,77E-05;0,682656439;F;Down in Male;;;;
ENSGALG00000007794;-1,337158582;0,079561233;-1,971281371;0,004234379;0,634122789;F;Down in Male;;;;
ENSGALG00000036022;-1,276368455;0,011303736;-2,352641915;5,41E-06;1,07627346;F;Down in Male;;;;
ENSGALG00000035184;-1,591717682;2,96E-08;-1,219740836;2,86E-05;-0,371976846;Both;Both;;;;
ENSGALG00000001946;-1,164562515;0,013677639;-1,651168474;0,000429824;0,486605959;Both;Both;;;;
ENSGALG00000002098;-1,738273391;0,023863442;-1,072065233;0,13813567;-0,666208158;M;Down in Female;;;;
ENSGALG00000039497;-1,7223607;0,110627925;-3,244639742;0,001443192;1,522279042;F;Down in Male;;;;
ENSGALG00000047234;-2,837169246;0,012002064;-1,555241264;0,128842639;-1,281927982;M;Down in Female;;;;
ENSGALG00000031776;-1,543920174;1,98E-11;-1,716009685;6,53E-14;0,172089511;Both;Both;;;;
ENSGALG00000037860;-1,661099189;3,12E-12;-1,396358253;2,79E-09;-0,264740936;Both;Both;;;;
ENSGALG00000031447;-1,625481796;3,59E-07;-1,422385308;4,82E-06;-0,203096488;Both;Both;;;;
ENSGALG00000000469;-4,191335419;0,006820895;-1,194267848;NA;-2,99706757;M;Down in Female;;;;
ENSGALG00000021620;-1,090970104;0,08014064;-1,518649286;0,014923555;0,427679182;Both;Both;;;;
ENSGALG00000049003;-0,768169771;0,033741411;-1,50790063;8,18E-06;0,739730859;F;Down in Male;;;;
ENSGALG00000041483;-1,296995389;0,127168119;-1,842362958;0,029795156;0,545367569;Both;Both;;;;
ENSGALG00000051467;-1,110130444;0,099599167;-1,919326957;0,002063992;0,809196513;F;Down in Male;;;;
ENSGALG00000050372;-0,721545599;0,404276918;-2,063107317;0,015020685;1,341561718;F;Down in Male;;;;
ENSGALG00000048331;-2,423954434;1,50E-38;-2,2026705;4,43E-33;-0,221283934;Both;Both;;;;
ENSGALG00000043598;-1,289579441;9,90E-11;-1,670298218;6,15E-18;0,380718777;Both;Both;;;;
ENSGALG00000030075;-2,029395914;8,59E-11;-1,618676738;3,33E-07;-0,410719176;Both;Both;;;;
